Workbook
Name Scales_Input_Table: 'Scales Input Table'!$A$1:$T$1

Sheet Summary Sheet
A3: Number of Cylinders | B3: Min of Car Only | C3: Average of Car Only | D3: Max of Car Only
A4: 1 | B4: 323 | C4: 389.3913 | D4: 475
A5: 2 | B5: 345 | C5: 444.625 | D5: 511
A6: 3 | B6: 435 | C6: 492 | D6: 549
A7: 4 | B7: 383 | C7: 474.23529 | D7: 712
A8: (blank)
A9: Grand Total | B9: 323 | C9: 452.92079 | D9: 712

Sheet Scales Input Table
A1: Car Number | B1: School Name | C1: Front Left | D1: Front Right | E1: Rear Left | F1: Rear Right | G1: Car w/Driver | H1: VOID | I1: Car Only | J1: Fuel Level | K1: VOID2 | L1: Driver Weight | M1: Engine Cylinders | N1: Engine Disp (cc) | O1: Turbo | P1: Frame | Q1: Aerodynamic Package | R1: Wheel Diameter | S1: Wheelbase | T1: Car Weight in Kg | U1: Driver Weight in Kg | V1: Front % | W1: Front # | X1: Left % | Y1: Left #
A2: 1 | B2: Universitat Stuttgart | C2: 120 | D2: 161 | E2: 158 | F2: 119 | G2: 558 | I2: 383 | J2: HALF | L2: =IF($G2="","",$G2-$I2) -> 175 | M2: 4 | N2: 599 | O2: No | P2: Hybrid | Q2: Full Package | R2: 10" | S2: =1630/25.4 -> 64.173228 | T2: =$I2*0.453592 -> 173.72574 | U2: =$L2*0.453592 -> 79.3786 | V2: =IF($G2="","",($C2+$D2)/$G2) -> 0.50358423 | W2: =($C2+$D2) -> 281 | X2: =IF($G2="","",($C2+$E2)/$G2) -> 0.49820789 | Y2: =($C2+$E2) -> 278
A3: 2 | B3: Graz Technical Univ | C3: 102 | D3: 130 | E3: 152 | F3: 128 | G3: 511 | I3: 342 | J3: HALF | L3: =IF($G3="","",$G3-$I3) -> 169 | M3: 1 | N3: 510 | O3: No | P3: Monocoque | Q3: Full Package | R3: 10" | S3: =1550/25.4 -> 61.023622 | T3: =$I3*0.453592 -> 155.12846 | U3: =$L3*0.453592 -> 76.657048 | V3: =IF($G3="","",($C3+$D3)/$G3) -> 0.45401174 | W3: =($C3+$D3) -> 232 | X3: =IF($G3="","",($C3+$E3)/$G3) -> 0.49706458 | Y3: =($C3+$E3) -> 254
A4: 5 | B4: Ecole De Technologie Superieure | C4: 113 | D4: 107 | E4: 123 | F4: 130 | G4: 472 | I4: 325 | J4: HALF | L4: =IF($G4="","",$G4-$I4) -> 147 | M4: 1 | N4: 449 | O4: Yes, No Cooler | P4: Monocoque | Q4: Wings Only | R4: 10" | S4: 60.25 | T4: =$I4*0.453592 -> 147.4174 | U4: =$L4*0.453592 -> 66.678024 | V4: =IF($G4="","",($C4+$D4)/$G4) -> 0.46610169 | W4: =($C4+$D4) -> 220 | X4: =IF($G4="","",($C4+$E4)/$G4) -> 0.5 | Y4: =($C4+$E4) -> 236
A5: 6 | B5: Univ of Akron | C5: 142 | D5: 152 | E5: 132 | F5: 129 | G5: 555 | I5: 373 | J5: HALF | L5: =IF($G5="","",$G5-$I5) -> 182 | M5: 1 | N5: 450 | O5: No | P5: Hybrid | Q5: Full Package | R5: 13" | S5: 60.2 | T5: =$I5*0.453592 -> 169.18982 | U5: =$L5*0.453592 -> 82.553744 | V5: =IF($G5="","",($C5+$D5)/$G5) -> 0.52972973 | W5: =($C5+$D5) -> 294 | X5: =IF($G5="","",($C5+$E5)/$G5) -> 0.49369369 | Y5: =($C5+$E5) -> 274
A6: 7 | B6: Carleton Univ | C6: 119 | D6: 135 | E6: 137 | F6: 125 | G6: 518 | I6: 358 | J6: EMPTY | L6: =IF($G6="","",$G6-$I6) -> 160 | M6: 1 | N6: 450 | O6: No | P6: Tube Frame | Q6: Full Package | R6: 10" | S6: 61 | T6: =$I6*0.453592 -> 162.38594 | U6: =$L6*0.453592 -> 72.57472 | V6: =IF($G6="","",($C6+$D6)/$G6) -> 0.49034749 | W6: =($C6+$D6) -> 254 | X6: =IF($G6="","",($C6+$E6)/$G6) -> 0.49420849 | Y6: =($C6+$E6) -> 256
A7: 8 | B7: Univ of Wisconsin - Madison | C7: 127 | D7: 126 | E7: 148 | F7: 144 | G7: 545 | I7: 363 | J7: EMPTY | L7: =IF($G7="","",$G7-$I7) -> 182 | M7: 1 | N7: 449 | O7: Yes, No Cooler | P7: Hybrid | Q7: Wings Only | R7: 10" | S7: 63 | T7: =$I7*0.453592 -> 164.6539 | U7: =$L7*0.453592 -> 82.553744 | V7: =IF($G7="","",($C7+$D7)/$G7) -> 0.46422018 | W7: =($C7+$D7) -> 253 | X7: =IF($G7="","",($C7+$E7)/$G7) -> 0.50458716 | Y7: =($C7+$E7) -> 275
A8: 9 | B8: Univ of Michigan - Ann Arbor | C8: 134 | D8: 154 | E8: 171 | F8: 157 | G8: 616 | I8: 433 | J8: EMPTY | L8: =IF($G8="","",$G8-$I8) -> 183 | M8: 4 | N8: 599 | O8: Yes, No Cooler | P8: Hybrid | Q8: Full Package | R8: 10" | S8: 61 | T8: =$I8*0.453592 -> 196.40534 | U8: =$L8*0.453592 -> 83.007336 | V8: =IF($G8="","",($C8+$D8)/$G8) -> 0.46753247 | W8: =($C8+$D8) -> 288 | X8: =IF($G8="","",($C8+$E8)/$G8) -> 0.49512987 | Y8: =($C8+$E8) -> 305
A9: 10 | B9: AGH Univ of Science and Technology | C9: 121 | D9: 139 | E9: 172 | F9: 154 | G9: 586 | I9: 427 | J9: FULL | L9: =IF($G9="","",$G9-$I9) -> 159 | M9: 4 | N9: 599 | O9: No | P9: Tube Frame | Q9: Wings Only | R9: 10" | S9: =1560/25.4 -> 61.417323 | T9: =$I9*0.453592 -> 193.68378 | U9: =$L9*0.453592 -> 72.121128 | V9: =IF($G9="","",($C9+$D9)/$G9) -> 0.44368601 | W9: =($C9+$D9) -> 260 | X9: =IF($G9="","",($C9+$E9)/$G9) -> 0.5 | Y9: =($C9+$E9) -> 293
A10: 11 | B10: Michigan State Univ | C10: 139 | D10: 161 | E10: 162 | F10: 137 | G10: 599 | I10: 427 | J10: HALF | L10: =IF($G10="","",$G10-$I10) -> 172 | M10: 4 | N10: 599 | O10: No | P10: Hybrid | Q10: Full Package | R10: 10" | S10: 60.5 | T10: =$I10*0.453592 -> 193.68378 | U10: =$L10*0.453592 -> 78.017824 | V10: =IF($G10="","",($C10+$D10)/$G10) -> 0.50083472 | W10: =($C10+$D10) -> 300 | X10: =IF($G10="","",($C10+$E10)/$G10) -> 0.50250417 | Y10: =($C10+$E10) -> 301
A11: 12 | B11: Purdue Univ - W Lafayette | C11: 139 | D11: 167 | E11: 169 | F11: 138 | G11: 612 | I11: 455 | J11: HALF | L11: =IF($G11="","",$G11-$I11) -> 157 | M11: 4 | N11: 599 | O11: No | P11: Tube Frame | Q11: Full Package | R11: 10" | S11: 61 | T11: =$I11*0.453592 -> 206.38436 | U11: =$L11*0.453592 -> 71.213944 | V11: =IF($G11="","",($C11+$D11)/$G11) -> 0.5 | W11: =($C11+$D11) -> 306 | X11: =IF($G11="","",($C11+$E11)/$G11) -> 0.50326797 | Y11: =($C11+$E11) -> 308
A12: 14 | B12: Ecole Polytechnique Montreal | C12: 145 | D12: 165 | E12: 161 | F12: 141 | G12: 613 | I12: 410 | J12: EMPTY | L12: =IF($G12="","",$G12-$I12) -> 203 | M12: 1 | N12: 449 | O12: No | P12: Tube Frame | Q12: Wings Only | R12: 10" | S12: =1579/25.4 -> 62.165354 | T12: =$I12*0.453592 -> 185.97272 | U12: =$L12*0.453592 -> 92.079176 | V12: =IF($G12="","",($C12+$D12)/$G12) -> 0.50570962 | W12: =($C12+$D12) -> 310 | X12: =IF($G12="","",($C12+$E12)/$G12) -> 0.49918434 | Y12: =($C12+$E12) -> 306
A13: 16 | B13: Kookmin Univ | C13: 119 | D13: 165 | E13: 174 | F13: 131 | G13: 590 | I13: 463 | J13: EMPTY | L13: =IF($G13="","",$G13-$I13) -> 127 | M13: 4 | N13: 600 | O13: No | P13: Hybrid | Q13: Full Package | R13: 10" | S13: =1530/25.4 -> 60.23622 | T13: =$I13*0.453592 -> 210.0131 | U13: =$L13*0.453592 -> 57.606184 | V13: =IF($G13="","",($C13+$D13)/$G13) -> 0.48135593 | W13: =($C13+$D13) -> 284 | X13: =IF($G13="","",($C13+$E13)/$G13) -> 0.49661017 | Y13: =($C13+$E13) -> 293
A14: 17 | B14: Bradley Univ | C14: 176 | D14: 165 | E14: 169 | F14: 165 | G14: 674 | I14: 511 | J14: EMPTY | L14: =IF($G14="","",$G14-$I14) -> 163 | M14: 2 | N14: 479 | O14: No | P14: Tube Frame | Q14: None | R14: 13" | S14: 63 | T14: =$I14*0.453592 -> 231.78551 | U14: =$L14*0.453592 -> 73.935496 | V14: =IF($G14="","",($C14+$D14)/$G14) -> 0.50593472 | W14: =($C14+$D14) -> 341 | X14: =IF($G14="","",($C14+$E14)/$G14) -> 0.51186944 | Y14: =($C14+$E14) -> 345
A15: 18 | B15: Univ of Alabama - Tuscaloosa | C15: 129 | D15: 168 | E15: 177 | F15: 139 | G15: 614 | I15: 445 | J15: FULL | L15: =IF($G15="","",$G15-$I15) -> 169 | M15: 4 | N15: 600 | O15: No | P15: Tube Frame | Q15: Wings Only | R15: 10" | S15: 62 | T15: =$I15*0.453592 -> 201.84844 | U15: =$L15*0.453592 -> 76.657048 | V15: =IF($G15="","",($C15+$D15)/$G15) -> 0.48371336 | W15: =($C15+$D15) -> 297 | X15: =IF($G15="","",($C15+$E15)/$G15) -> 0.49837134 | Y15: =($C15+$E15) -> 306
A16: 19 | B16: North Carolina State Univ - Raleigh | C16: 143 | D16: 165 | E16: 165 | F16: 153 | G16: 625 | I16: 466 | J16: EMPTY | L16: =IF($G16="","",$G16-$I16) -> 159 | M16: 4 | N16: 600 | O16: No | P16: Tube Frame | Q16: Full Package | R16: 10" | S16: 61 | T16: =$I16*0.453592 -> 211.37387 | U16: =$L16*0.453592 -> 72.121128 | V16: =IF($G16="","",($C16+$D16)/$G16) -> 0.4928 | W16: =($C16+$D16) -> 308 | X16: =IF($G16="","",($C16+$E16)/$G16) -> 0.4928 | Y16: =($C16+$E16) -> 308
A17: 20 | B17: Florida Inst of Tech | C17: 163 | D17: 186 | E17: 193 | F17: 181 | G17: 723 | I17: 536 | J17: HALF | L17: =IF($G17="","",$G17-$I17) -> 187 | M17: 4 | N17: 599 | O17: No | P17: Tube Frame | Q17: Wings Only | R17: 10" | S17: =1651/25.4 -> 65 | T17: =$I17*0.453592 -> 243.12531 | U17: =$L17*0.453592 -> 84.821704 | V17: =IF($G17="","",($C17+$D17)/$G17) -> 0.48271093 | W17: =($C17+$D17) -> 349 | X17: =IF($G17="","",($C17+$E17)/$G17) -> 0.49239281 | Y17: =($C17+$E17) -> 356
A18: 21 | B18: Univ of Florida | C18: 144 | D18: 156 | E18: 175 | F18: 159 | G18: 633 | I18: 474 | J18: HALF | L18: =IF($G18="","",$G18-$I18) -> 159 | M18: 4 | N18: 599 | O18: No | P18: Tube Frame | Q18: Full Package | R18: 13" | S18: 61 | T18: =$I18*0.453592 -> 215.00261 | U18: =$L18*0.453592 -> 72.121128 | V18: =IF($G18="","",($C18+$D18)/$G18) -> 0.47393365 | W18: =($C18+$D18) -> 300 | X18: =IF($G18="","",($C18+$E18)/$G18) -> 0.50394945 | Y18: =($C18+$E18) -> 319
A19: 23 | B19: Rensselaer Polytechnic Inst | C19: 123 | D19: 151 | E19: 159 | F19: 138 | G19: 571 | I19: 433 | J19: HALF | L19: =IF($G19="","",$G19-$I19) -> 138 | M19: 4 | N19: 599 | O19: No | P19: Tube Frame | Q19: Wings Only | R19: 10" | S19: 60.5 | T19: =$I19*0.453592 -> 196.40534 | U19: =$L19*0.453592 -> 62.595696 | V19: =IF($G19="","",($C19+$D19)/$G19) -> 0.47985989 | W19: =($C19+$D19) -> 274 | X19: =IF($G19="","",($C19+$E19)/$G19) -> 0.4938704 | Y19: =($C19+$E19) -> 282
A20: 24 | B20: Univ of Toledo | C20: 124 | D20: 144 | E20: 138 | F20: 132 | G20: 538 | I20: 386 | J20: EMPTY | L20: =IF($G20="","",$G20-$I20) -> 152 | M20: 1 | N20: 450 | O20: No | P20: Tube Frame | Q20: Wings Only | R20: 10" | S20: 60 | T20: =$I20*0.453592 -> 175.08651 | U20: =$L20*0.453592 -> 68.945984 | V20: =IF($G20="","",($C20+$D20)/$G20) -> 0.49814126 | W20: =($C20+$D20) -> 268 | X20: =IF($G20="","",($C20+$E20)/$G20) -> 0.48698885 | Y20: =($C20+$E20) -> 262
A21: 25 | B21: Florida A&M Univ/Florida State Univ | L21: =IF($G21="","",$G21-$I21) | T21: =$I21*0.453592 -> 0 | U21: =$L21*0.453592 -> #VALUE! | V21: =IF($G21="","",($C21+$D21)/$G21) | W21: =($C21+$D21) -> 0 | X21: =IF($G21="","",($C21+$E21)/$G21) | Y21: =($C21+$E21) -> 0
A22: 26 | B22: Purdue Univ - Northwest | C22: 175 | D22: 166 | E22: 136 | F22: 143 | G22: 620 | I22: 456 | J22: HALF | L22: =IF($G22="","",$G22-$I22) -> 164 | M22: 4 | N22: 599 | O22: No | P22: Tube Frame | Q22: None | R22: 10" | S22: =1588/25.4 -> 62.519685 | T22: =$I22*0.453592 -> 206.83795 | U22: =$L22*0.453592 -> 74.389088 | V22: =IF($G22="","",($C22+$D22)/$G22) -> 0.55 | W22: =($C22+$D22) -> 341 | X22: =IF($G22="","",($C22+$E22)/$G22) -> 0.5016129 | Y22: =($C22+$E22) -> 311
A23: 29 | B23: Univ of Cincinnati | C23: 140 | D23: 136 | E23: 143 | F23: 145 | G23: 564 | I23: 421 | J23: HALF | L23: =IF($G23="","",$G23-$I23) -> 143 | M23: 1 | N23: 478 | O23: No | P23: Tube Frame | Q23: Wings Only | R23: 10" | S23: 61 | T23: =$I23*0.453592 -> 190.96223 | U23: =$L23*0.453592 -> 64.863656 | V23: =IF($G23="","",($C23+$D23)/$G23) -> 0.4893617 | W23: =($C23+$D23) -> 276 | X23: =IF($G23="","",($C23+$E23)/$G23) -> 0.50177305 | Y23: =($C23+$E23) -> 283
A24: 30 | B24: Univ of New Hampshire | C24: 193 | D24: 114 | E24: 111 | F24: 193 | G24: 611 | I24: 444 | J24: EMPTY | L24: =IF($G24="","",$G24-$I24) -> 167 | M24: 1 | N24: 450 | O24: Yes, Cooler | P24: Tube Frame | Q24: Full Package | R24: 10" | S24: 62 | T24: =$I24*0.453592 -> 201.39485 | U24: =$L24*0.453592 -> 75.749864 | V24: =IF($G24="","",($C24+$D24)/$G24) -> 0.50245499 | W24: =($C24+$D24) -> 307 | X24: =IF($G24="","",($C24+$E24)/$G24) -> 0.49754501 | Y24: =($C24+$E24) -> 304
A25: 32 | B25: Pellissippi State Community College | C25: 197 | D25: 210 | E25: 184 | F25: 171 | G25: 762 | I25: 578 | J25: HALF | L25: =IF($G25="","",$G25-$I25) -> 184 | M25: 4 | N25: 600 | O25: No | P25: Tube Frame | Q25: None | R25: 10" | S25: =1600/25.4 -> 62.992126 | T25: =$I25*0.453592 -> 262.17618 | U25: =$L25*0.453592 -> 83.460928 | V25: =IF($G25="","",($C25+$D25)/$G25) -> 0.53412073 | W25: =($C25+$D25) -> 407 | X25: =IF($G25="","",($C25+$E25)/$G25) -> 0.5 | Y25: =($C25+$E25) -> 381
A26: 33 | B26: Oregon State Univ | C26: 104 | D26: 147 | E26: 162 | F26: 122 | G26: 533 | I26: 323 | J26: EMPTY | L26: =IF($G26="","",$G26-$I26) -> 210 | M26: 1 | N26: 450 | O26: No | P26: Monocoque | Q26: Full Package | R26: 10" | S26: =1535/25.4 -> 60.433071 | T26: =$I26*0.453592 -> 146.51022 | U26: =$L26*0.453592 -> 95.25432 | V26: =IF($G26="","",($C26+$D26)/$G26) -> 0.47091932 | W26: =($C26+$D26) -> 251 | X26: =IF($G26="","",($C26+$E26)/$G26) -> 0.49906191 | Y26: =($C26+$E26) -> 266
A27: 34 | B27: Univ of Central Florida | C27: 153 | D27: 151 | E27: 164 | F27: 164 | G27: 631 | I27: 468 | J27: EMPTY | L27: =IF($G27="","",$G27-$I27) -> 163 | M27: 4 | N27: 636 | O27: No | P27: Tube Frame | Q27: Full Package | R27: 10" | S27: 62 | T27: =$I27*0.453592 -> 212.28106 | U27: =$L27*0.453592 -> 73.935496 | V27: =IF($G27="","",($C27+$D27)/$G27) -> 0.48177496 | W27: =($C27+$D27) -> 304 | X27: =IF($G27="","",($C27+$E27)/$G27) -> 0.50237718 | Y27: =($C27+$E27) -> 317
A28: 35 | B28: Kansas State Univ | C28: 158 | D28: 182 | E28: 189 | F28: 176 | G28: 705 | I28: 549 | J28: HALF | L28: =IF($G28="","",$G28-$I28) -> 156 | M28: 3 | N28: 675 | O28: No | P28: Monocoque | Q28: Full Package | R28: 10" | S28: 64.5 | T28: =$I28*0.453592 -> 249.02201 | U28: =$L28*0.453592 -> 70.760352 | V28: =IF($G28="","",($C28+$D28)/$G28) -> 0.4822695 | W28: =($C28+$D28) -> 340 | X28: =IF($G28="","",($C28+$E28)/$G28) -> 0.49219858 | Y28: =($C28+$E28) -> 347
A29: 36 | B29: Missouri University of Science and Tech | C29: 143 | D29: 182 | E29: 175 | F29: 142 | G29: 640 | I29: 462 | J29: HALF | L29: =IF($G29="","",$G29-$I29) -> 178 | M29: 4 | N29: 599 | O29: No | P29: Tube Frame | Q29: Full Package | R29: 10" | S29: 64 | T29: =$I29*0.453592 -> 209.5595 | U29: =$L29*0.453592 -> 80.739376 | V29: =IF($G29="","",($C29+$D29)/$G29) -> 0.5078125 | W29: =($C29+$D29) -> 325 | X29: =IF($G29="","",($C29+$E29)/$G29) -> 0.496875 | Y29: =($C29+$E29) -> 318
A30: 37 | B30: Univ of Illinois - Urbana Champaign | C30: 105 | D30: 141 | E30: 187 | F30: 144 | G30: 574 | I30: 426 | J30: EMPTY | L30: =IF($G30="","",$G30-$I30) -> 148 | M30: 4 | N30: 600 | O30: No | P30: Hybrid | Q30: Full Package | R30: 13" | S30: 64 | T30: =$I30*0.453592 -> 193.23019 | U30: =$L30*0.453592 -> 67.131616 | V30: =IF($G30="","",($C30+$D30)/$G30) -> 0.42857143 | W30: =($C30+$D30) -> 246 | X30: =IF($G30="","",($C30+$E30)/$G30) -> 0.5087108 | Y30: =($C30+$E30) -> 292
A31: 38 | B31: Brown Univ | C31: 147 | D31: 156 | E31: 156 | F31: 144 | G31: 602 | I31: 438 | J31: EMPTY | L31: =IF($G31="","",$G31-$I31) -> 164 | M31: 4 | N31: 599 | O31: No | P31: Tube Frame | Q31: None | R31: 10" | S31: 63 | T31: =$I31*0.453592 -> 198.6733 | U31: =$L31*0.453592 -> 74.389088 | V31: =IF($G31="","",($C31+$D31)/$G31) -> 0.50332226 | W31: =($C31+$D31) -> 303 | X31: =IF($G31="","",($C31+$E31)/$G31) -> 0.50332226 | Y31: =($C31+$E31) -> 303
A32: 39 | B32: Univ of Missouri | C32: 164 | D32: 162 | E32: 171 | F32: 162 | G32: 660 | I32: 471 | J32: HALF | L32: =IF($G32="","",$G32-$I32) -> 189 | M32: 4 | N32: 600 | O32: No | P32: Tube Frame | Q32: Wings Only | R32: 10" | S32: 62.5 | T32: =$I32*0.453592 -> 213.64183 | U32: =$L32*0.453592 -> 85.728888 | V32: =IF($G32="","",($C32+$D32)/$G32) -> 0.49393939 | W32: =($C32+$D32) -> 326 | X32: =IF($G32="","",($C32+$E32)/$G32) -> 0.50757576 | Y32: =($C32+$E32) -> 335
A33: 40 | B33: Clemson Univ | C33: 149 | D33: 170 | E33: 187 | F33: 154 | G33: 659 | I33: 489 | J33: HALF | L33: =IF($G33="","",$G33-$I33) -> 170 | M33: 4 | N33: 600 | O33: No | P33: Tube Frame | Q33: Wings Only | R33: 10" | S33: 61.5 | T33: =$I33*0.453592 -> 221.80649 | U33: =$L33*0.453592 -> 77.11064 | V33: =IF($G33="","",($C33+$D33)/$G33) -> 0.48406677 | W33: =($C33+$D33) -> 319 | X33: =IF($G33="","",($C33+$E33)/$G33) -> 0.50986343 | Y33: =($C33+$E33) -> 336
A34: 41 | B34: Grand Valley State Univ | C34: 183 | D34: 206 | E34: 183 | F34: 162 | G34: 734 | I34: 547 | J34: EMPTY | L34: =IF($G34="","",$G34-$I34) -> 187 | M34: 4 | N34: 599 | O34: No | P34: Tube Frame | Q34: None | R34: 13" | S34: 60 | T34: =$I34*0.453592 -> 248.11482 | U34: =$L34*0.453592 -> 84.821704 | V34: =IF($G34="","",($C34+$D34)/$G34) -> 0.52997275 | W34: =($C34+$D34) -> 389 | X34: =IF($G34="","",($C34+$E34)/$G34) -> 0.4986376 | Y34: =($C34+$E34) -> 366
A35: 42 | B35: Univ of Kentucky | C35: 173 | D35: 169 | E35: 176 | F35: 172 | G35: 690 | I35: 524 | J35: HALF | L35: =IF($G35="","",$G35-$I35) -> 166 | M35: 4 | N35: 600 | O35: No | P35: Tube Frame | Q35: None | R35: 10" | S35: 60 | T35: =$I35*0.453592 -> 237.68221 | U35: =$L35*0.453592 -> 75.296272 | V35: =IF($G35="","",($C35+$D35)/$G35) -> 0.49565217 | W35: =($C35+$D35) -> 342 | X35: =IF($G35="","",($C35+$E35)/$G35) -> 0.5057971 | Y35: =($C35+$E35) -> 349
A36: 43 | B36: Minnesota State University - Mankato | C36: 128 | D36: 136 | E36: 137 | F36: 137 | G36: 538 | I36: 375 | J36: EMPTY | L36: =IF($G36="","",$G36-$I36) -> 163 | M36: 1 | N36: 449 | O36: No | P36: Tube Frame | Q36: None | R36: 10" | S36: 61.5 | T36: =$I36*0.453592 -> 170.097 | U36: =$L36*0.453592 -> 73.935496 | V36: =IF($G36="","",($C36+$D36)/$G36) -> 0.49070632 | W36: =($C36+$D36) -> 264 | X36: =IF($G36="","",($C36+$E36)/$G36) -> 0.49256506 | Y36: =($C36+$E36) -> 265
A37: 44 | B37: IPN - UPIITA | C37: 159 | D37: 226 | E37: 205 | F37: 136 | G37: 725 | I37: 563 | J37: HALF | L37: =IF($G37="","",$G37-$I37) -> 162 | M37: 4 | N37: 599 | O37: No | P37: Tube Frame | Q37: Wings Only | R37: 10" | S37: =1525/25.4 -> 60.03937 | T37: =$I37*0.453592 -> 255.3723 | U37: =$L37*0.453592 -> 73.481904 | V37: =IF($G37="","",($C37+$D37)/$G37) -> 0.53103448 | W37: =($C37+$D37) -> 385 | X37: =IF($G37="","",($C37+$E37)/$G37) -> 0.50206897 | Y37: =($C37+$E37) -> 364
A38: 46 | B38: San Jose State University | C38: 130 | D38: 148 | E38: 156 | F38: 140 | G38: 575 | I38: 435 | J38: HALF | L38: =IF($G38="","",$G38-$I38) -> 140 | M38: 3 | N38: 675 | O38: No | P38: Tube Frame | Q38: Full Package | R38: 10" | S38: 61.5 | T38: =$I38*0.453592 -> 197.31252 | U38: =$L38*0.453592 -> 63.50288 | V38: =IF($G38="","",($C38+$D38)/$G38) -> 0.48347826 | W38: =($C38+$D38) -> 278 | X38: =IF($G38="","",($C38+$E38)/$G38) -> 0.4973913 | Y38: =($C38+$E38) -> 286
A39: 47 | B39: Ryerson Univ | C39: 130 | D39: 146 | E39: 187 | F39: 173 | G39: 636 | I39: 452 | J39: HALF | L39: =IF($G39="","",$G39-$I39) -> 184 | M39: 4 | N39: 600 | O39: No | P39: Tube Frame | Q39: Wings Only | R39: 10" | S39: 60 | T39: =$I39*0.453592 -> 205.02358 | U39: =$L39*0.453592 -> 83.460928 | V39: =IF($G39="","",($C39+$D39)/$G39) -> 0.43396226 | W39: =($C39+$D39) -> 276 | X39: =IF($G39="","",($C39+$E39)/$G39) -> 0.49842767 | Y39: =($C39+$E39) -> 317
A40: 48 | B40: Vaughn College of Aeronautics | L40: =IF($G40="","",$G40-$I40) | T40: =$I40*0.453592 -> 0 | U40: =$L40*0.453592 -> #VALUE! | V40: =IF($G40="","",($C40+$D40)/$G40) | W40: =($C40+$D40) -> 0 | X40: =IF($G40="","",($C40+$E40)/$G40) | Y40: =($C40+$E40) -> 0
A41: 49 | B41: Univ of Louisiana - Lafayette | C41: 170 | D41: 183 | E41: 186 | F41: 171 | G41: 710 | I41: 533 | J41: HALF | L41: =IF($G41="","",$G41-$I41) -> 177 | M41: 4 | N41: 600 | O41: No | P41: Tube Frame | Q41: None | R41: 13" | S41: 68 | T41: =$I41*0.453592 -> 241.76454 | U41: =$L41*0.453592 -> 80.285784 | V41: =IF($G41="","",($C41+$D41)/$G41) -> 0.4971831 | W41: =($C41+$D41) -> 353 | X41: =IF($G41="","",($C41+$E41)/$G41) -> 0.50140845 | Y41: =($C41+$E41) -> 356
A42: 50 | B42: Univ of Michigan - Dearborn | C42: 145 | D42: 140 | E42: 143 | F42: 167 | G42: 595 | I42: 445 | J42: HALF | L42: =IF($G42="","",$G42-$I42) -> 150 | M42: 2 | N42: 499 | O42: No | P42: Tube Frame | Q42: Full Package | R42: 10" | S42: 66 | T42: =$I42*0.453592 -> 201.84844 | U42: =$L42*0.453592 -> 68.0388 | V42: =IF($G42="","",($C42+$D42)/$G42) -> 0.4789916 | W42: =($C42+$D42) -> 285 | X42: =IF($G42="","",($C42+$E42)/$G42) -> 0.48403361 | Y42: =($C42+$E42) -> 288
A43: 51 | B43: Universidad Simon Bolivar | C43: 141 | D43: 155 | E43: 179 | F43: 165 | G43: 639 | I43: 499 | J43: EMPTY | L43: =IF($G43="","",$G43-$I43) -> 140 | M43: 4 | N43: 599 | O43: No | P43: Tube Frame | Q43: Full Package | R43: 13" | S43: =1550/25.4 -> 61.023622 | T43: =$I43*0.453592 -> 226.34241 | U43: =$L43*0.453592 -> 63.50288 | V43: =IF($G43="","",($C43+$D43)/$G43) -> 0.46322379 | W43: =($C43+$D43) -> 296 | X43: =IF($G43="","",($C43+$E43)/$G43) -> 0.50078247 | Y43: =($C43+$E43) -> 320
A44: 52 | B44: Western Michigan Univ | C44: 155 | D44: 170 | E44: 163 | F44: 142 | G44: 630 | I44: 474 | J44: HALF | L44: =IF($G44="","",$G44-$I44) -> 156 | M44: 4 | N44: 600 | O44: No | P44: Hybrid | Q44: Full Package | R44: 10" | S44: =1550/25.4 -> 61.023622 | T44: =$I44*0.453592 -> 215.00261 | U44: =$L44*0.453592 -> 70.760352 | V44: =IF($G44="","",($C44+$D44)/$G44) -> 0.51587302 | W44: =($C44+$D44) -> 325 | X44: =IF($G44="","",($C44+$E44)/$G44) -> 0.5047619 | Y44: =($C44+$E44) -> 318
A45: 54 | B45: Michigan Tech Univ | C45: 179 | D45: 190 | E45: 157 | F45: 155 | G45: 681 | I45: 503 | J45: EMPTY | L45: =IF($G45="","",$G45-$I45) -> 178 | M45: 2 | N45: 499 | O45: Yes, Cooler | P45: Tube Frame | Q45: Full Package | R45: 10" | S45: 61 | T45: =$I45*0.453592 -> 228.15678 | U45: =$L45*0.453592 -> 80.739376 | V45: =IF($G45="","",($C45+$D45)/$G45) -> 0.54185022 | W45: =($C45+$D45) -> 369 | X45: =IF($G45="","",($C45+$E45)/$G45) -> 0.49339207 | Y45: =($C45+$E45) -> 336
A46: 55 | B46: Rutgers Univ | C46: 107 | D46: 140 | E46: 144 | F46: 107 | G46: 498 | I46: 368 | J46: HALF | L46: =IF($G46="","",$G46-$I46) -> 130 | M46: 1 | N46: 450 | O46: No | P46: Tube Frame | Q46: Full Package | R46: 10" | S46: 60 | T46: =$I46*0.453592 -> 166.92186 | U46: =$L46*0.453592 -> 58.96696 | V46: =IF($G46="","",($C46+$D46)/$G46) -> 0.49598394 | W46: =($C46+$D46) -> 247 | X46: =IF($G46="","",($C46+$E46)/$G46) -> 0.50401606 | Y46: =($C46+$E46) -> 251
A47: 56 | B47: National Univ of Singapore | C47: 117 | D47: 170 | E47: 183 | F47: 121 | G47: 591 | I47: 468 | J47: EMPTY | L47: =IF($G47="","",$G47-$I47) -> 123 | M47: 4 | N47: 599 | O47: No | P47: Tube Frame | Q47: Full Package | R47: 10" | S47: =1535/25.4 -> 60.433071 | T47: =$I47*0.453592 -> 212.28106 | U47: =$L47*0.453592 -> 55.791816 | V47: =IF($G47="","",($C47+$D47)/$G47) -> 0.4856176 | W47: =($C47+$D47) -> 287 | X47: =IF($G47="","",($C47+$E47)/$G47) -> 0.50761421 | Y47: =($C47+$E47) -> 300
A48: 58 | B48: Kennesaw State University | C48: 141 | D48: 145 | E48: 122 | F48: 119 | G48: 527 | I48: 390 | J48: HALF | L48: =IF($G48="","",$G48-$I48) -> 137 | M48: 4 | N48: 599 | O48: No | P48: Tube Frame | Q48: None | R48: 10" | S48: 60.5 | T48: =$I48*0.453592 -> 176.90088 | U48: =$L48*0.453592 -> 62.142104 | V48: =IF($G48="","",($C48+$D48)/$G48) -> 0.5426945 | W48: =($C48+$D48) -> 286 | X48: =IF($G48="","",($C48+$E48)/$G48) -> 0.49905123 | Y48: =($C48+$E48) -> 263
A49: 61 | B49: Queen's Univ | L49: =IF($G49="","",$G49-$I49) | T49: =$I49*0.453592 -> 0 | U49: =$L49*0.453592 -> #VALUE! | V49: =IF($G49="","",($C49+$D49)/$G49) | W49: =($C49+$D49) -> 0 | X49: =IF($G49="","",($C49+$E49)/$G49) | Y49: =($C49+$E49) -> 0
A50: 62 | B50: Univ of Minnesota - Twin Cities | C50: 136 | D50: 149 | E50: 166 | F50: 147 | G50: 598 | I50: 448 | J50: HALF | L50: =IF($G50="","",$G50-$I50) -> 150 | M50: 4 | N50: 600 | O50: No | P50: Tube Frame | Q50: Full Package | R50: 10" | S50: =1600/25.4 -> 62.992126 | T50: =$I50*0.453592 -> 203.20922 | U50: =$L50*0.453592 -> 68.0388 | V50: =IF($G50="","",($C50+$D50)/$G50) -> 0.47658863 | W50: =($C50+$D50) -> 285 | X50: =IF($G50="","",($C50+$E50)/$G50) -> 0.50501672 | Y50: =($C50+$E50) -> 302
A51: 63 | B51: Washington Univ - St Louis | C51: 134 | D51: 174 | E51: 164 | F51: 119 | G51: 592 | I51: 430 | J51: EMPTY | L51: =IF($G51="","",$G51-$I51) -> 162 | M51: 4 | N51: 599 | O51: No | P51: Tube Frame | Q51: None | R51: 10" | S51: 60.5 | T51: =$I51*0.453592 -> 195.04456 | U51: =$L51*0.453592 -> 73.481904 | V51: =IF($G51="","",($C51+$D51)/$G51) -> 0.52027027 | W51: =($C51+$D51) -> 308 | X51: =IF($G51="","",($C51+$E51)/$G51) -> 0.50337838 | Y51: =($C51+$E51) -> 298
A52: 64 | B52: Univ of Maryland - College Park | C52: 142 | D52: 161 | E52: 173 | F52: 153 | G52: 629 | I52: 471 | J52: EMPTY | L52: =IF($G52="","",$G52-$I52) -> 158 | M52: 4 | N52: 599 | O52: No | P52: Hybrid | Q52: Full Package | R52: 10" | S52: 61 | T52: =$I52*0.453592 -> 213.64183 | U52: =$L52*0.453592 -> 71.667536 | V52: =IF($G52="","",($C52+$D52)/$G52) -> 0.48171701 | W52: =($C52+$D52) -> 303 | X52: =IF($G52="","",($C52+$E52)/$G52) -> 0.50079491 | Y52: =($C52+$E52) -> 315
A53: 65 | B53: Lehigh Univ | C53: 111 | D53: 133 | E53: 137 | F53: 119 | G53: 499 | I53: 333 | J53: EMPTY | L53: =IF($G53="","",$G53-$I53) -> 166 | M53: 1 | N53: 450 | O53: No | P53: Tube Frame | Q53: None | R53: 10" | S53: =1550/25.4 -> 61.023622 | T53: =$I53*0.453592 -> 151.04614 | U53: =$L53*0.453592 -> 75.296272 | V53: =IF($G53="","",($C53+$D53)/$G53) -> 0.48897796 | W53: =($C53+$D53) -> 244 | X53: =IF($G53="","",($C53+$E53)/$G53) -> 0.49699399 | Y53: =($C53+$E53) -> 248
A54: 66 | B54: Univ of Waterloo | C54: 122 | D54: 198 | E54: 198 | F54: 118 | G54: 636 | I54: 460 | J54: HALF | L54: =IF($G54="","",$G54-$I54) -> 176 | M54: 4 | N54: 600 | O54: No | P54: Tube Frame | Q54: Wings Only | R54: 10" | S54: =1560/25.4 -> 61.417323 | T54: =$I54*0.453592 -> 208.65232 | U54: =$L54*0.453592 -> 79.832192 | V54: =IF($G54="","",($C54+$D54)/$G54) -> 0.50314465 | W54: =($C54+$D54) -> 320 | X54: =IF($G54="","",($C54+$E54)/$G54) -> 0.50314465 | Y54: =($C54+$E54) -> 320
A55: 67 | B55: Univ of Guelph | C55: 145 | D55: 188 | E55: 189 | F55: 138 | G55: 660 | I55: 449 | J55: FULL | L55: =IF($G55="","",$G55-$I55) -> 211 | M55: 4 | N55: 600 | O55: No | P55: Tube Frame | Q55: None | R55: 10" | S55: =1550/25.4 -> 61.023622 | T55: =$I55*0.453592 -> 203.66281 | U55: =$L55*0.453592 -> 95.707912 | V55: =IF($G55="","",($C55+$D55)/$G55) -> 0.50454545 | W55: =($C55+$D55) -> 333 | X55: =IF($G55="","",($C55+$E55)/$G55) -> 0.50606061 | Y55: =($C55+$E55) -> 334
A56: 68 | B56: Penn State Univ - University Park | C56: 150 | D56: 129 | E56: 136 | F56: 163 | G56: 578 | I56: 411 | J56: HALF | L56: =IF($G56="","",$G56-$I56) -> 167 | M56: 4 | N56: 599 | O56: No | P56: Hybrid | Q56: Full Package | R56: 10" | S56: 61 | T56: =$I56*0.453592 -> 186.42631 | U56: =$L56*0.453592 -> 75.749864 | V56: =IF($G56="","",($C56+$D56)/$G56) -> 0.48269896 | W56: =($C56+$D56) -> 279 | X56: =IF($G56="","",($C56+$E56)/$G56) -> 0.49480969 | Y56: =($C56+$E56) -> 286
A57: 69 | B57: Univ of Connecticut | C57: 140 | D57: 147 | E57: 153 | F57: 148 | G57: 588 | I57: 451 | J57: EMPTY | L57: =IF($G57="","",$G57-$I57) -> 137 | M57: 4 | N57: 599 | O57: No | P57: Tube Frame | Q57: Tray Only | R57: 10" | S57: 62 | T57: =$I57*0.453592 -> 204.56999 | U57: =$L57*0.453592 -> 62.142104 | V57: =IF($G57="","",($C57+$D57)/$G57) -> 0.48809524 | W57: =($C57+$D57) -> 287 | X57: =IF($G57="","",($C57+$E57)/$G57) -> 0.49829932 | Y57: =($C57+$E57) -> 293
A58: 70 | B58: Penn State Univ - Harrisburg | C58: 153 | D58: 177 | E58: 187 | F58: 160 | G58: 678 | I58: 536 | J58: HALF | L58: =IF($G58="","",$G58-$I58) -> 142 | M58: 4 | N58: 599 | O58: No | P58: Tube Frame | Q58: None | R58: 10" | S58: 63 | T58: =$I58*0.453592 -> 243.12531 | U58: =$L58*0.453592 -> 64.410064 | V58: =IF($G58="","",($C58+$D58)/$G58) -> 0.48672566 | W58: =($C58+$D58) -> 330 | X58: =IF($G58="","",($C58+$E58)/$G58) -> 0.50147493 | Y58: =($C58+$E58) -> 340
A59: 71 | B59: Univ of Puerto Rico-Mayaquez | C59: 144 | D59: 176 | E59: 175 | F59: 130 | G59: 627 | I59: 482 | J59: EMPTY | L59: =IF($G59="","",$G59-$I59) -> 145 | M59: 4 | N59: 599 | O59: No | P59: Tube Frame | Q59: None | R59: 13" | S59: =1524/25.4 -> 60 | T59: =$I59*0.453592 -> 218.63134 | U59: =$L59*0.453592 -> 65.77084 | V59: =IF($G59="","",($C59+$D59)/$G59) -> 0.51036683 | W59: =($C59+$D59) -> 320 | X59: =IF($G59="","",($C59+$E59)/$G59) -> 0.50877193 | Y59: =($C59+$E59) -> 319
A60: 72 | B60: Florida International Univ | C60: 178 | D60: 159 | E60: 129 | F60: 154 | G60: 620 | I60: 475 | J60: HALF | L60: =IF($G60="","",$G60-$I60) -> 145 | M60: 1 | N60: 478 | O60: No | P60: Tube Frame | Q60: Tray Only | R60: 10" | S60: 60.5 | T60: =$I60*0.453592 -> 215.4562 | U60: =$L60*0.453592 -> 65.77084 | V60: =IF($G60="","",($C60+$D60)/$G60) -> 0.54354839 | W60: =($C60+$D60) -> 337 | X60: =IF($G60="","",($C60+$E60)/$G60) -> 0.49516129 | Y60: =($C60+$E60) -> 307
A61: 73 | B61: Louisiana State Univ | C61: 143 | D61: 135 | E61: 145 | F61: 165 | G61: 588 | I61: 430 | J61: FULL | L61: =IF($G61="","",$G61-$I61) -> 158 | M61: 4 | N61: 600 | O61: No | P61: Tube Frame | Q61: Full Package | R61: 10" | S61: 60.5 | T61: =$I61*0.453592 -> 195.04456 | U61: =$L61*0.453592 -> 71.667536 | V61: =IF($G61="","",($C61+$D61)/$G61) -> 0.47278912 | W61: =($C61+$D61) -> 278 | X61: =IF($G61="","",($C61+$E61)/$G61) -> 0.48979592 | Y61: =($C61+$E61) -> 288
A62: 74 | B62: Rochester Institute of Technology | C62: 150 | D62: 140 | E62: 155 | F62: 170 | G62: 614 | I62: 426 | J62: EMPTY | L62: =IF($G62="","",$G62-$I62) -> 188 | M62: 1 | N62: 450 | O62: Yes, Cooler | P62: Monocoque | Q62: Full Package | R62: 10" | S62: 62 | T62: =$I62*0.453592 -> 193.23019 | U62: =$L62*0.453592 -> 85.275296 | V62: =IF($G62="","",($C62+$D62)/$G62) -> 0.4723127 | W62: =($C62+$D62) -> 290 | X62: =IF($G62="","",($C62+$E62)/$G62) -> 0.49674267 | Y62: =($C62+$E62) -> 305
A63: 75 | B63: Old Dominion Univ | C63: 156 | D63: 172 | E63: 162 | F63: 149 | G63: 639 | I63: 491 | J63: EMPTY | L63: =IF($G63="","",$G63-$I63) -> 148 | M63: 4 | N63: 599 | O63: No | P63: Tube Frame | Q63: Tray Only | R63: 13" | S63: 62 | T63: =$I63*0.453592 -> 222.71367 | U63: =$L63*0.453592 -> 67.131616 | V63: =IF($G63="","",($C63+$D63)/$G63) -> 0.51330203 | W63: =($C63+$D63) -> 328 | X63: =IF($G63="","",($C63+$E63)/$G63) -> 0.49765258 | Y63: =($C63+$E63) -> 318
A64: 76 | B64: Hope College | C64: 188 | D64: 202 | E64: 181 | F64: 167 | G64: 739 | I64: 599 | J64: EMPTY | L64: =IF($G64="","",$G64-$I64) -> 140 | M64: 4 | N64: 599 | O64: No | P64: Tube Frame | Q64: None | R64: 13" | S64: 69 | T64: =$I64*0.453592 -> 271.70161 | U64: =$L64*0.453592 -> 63.50288 | V64: =IF($G64="","",($C64+$D64)/$G64) -> 0.52774019 | W64: =($C64+$D64) -> 390 | X64: =IF($G64="","",($C64+$E64)/$G64) -> 0.49932341 | Y64: =($C64+$E64) -> 369
A65: 77 | B65: Oakland University | C65: 171 | D65: 178 | E65: 161 | F65: 157 | G65: 667 | I65: 473 | J65: HALF | L65: =IF($G65="","",$G65-$I65) -> 194 | M65: 4 | N65: 599 | O65: No | P65: Tube Frame | Q65: Full Package | R65: 13" | S65: =1549/25.4 -> 60.984252 | T65: =$I65*0.453592 -> 214.54902 | U65: =$L65*0.453592 -> 87.996848 | V65: =IF($G65="","",($C65+$D65)/$G65) -> 0.52323838 | W65: =($C65+$D65) -> 349 | X65: =IF($G65="","",($C65+$E65)/$G65) -> 0.49775112 | Y65: =($C65+$E65) -> 332
A66: 78 | B66: Temple Univ | C66: 149 | D66: 157 | E66: 153 | F66: 146 | G66: 605 | I66: 452 | J66: HALF | L66: =IF($G66="","",$G66-$I66) -> 153 | M66: 4 | N66: 600 | O66: No | P66: Tube Frame | Q66: Tray Only | R66: 13" | S66: 64 | T66: =$I66*0.453592 -> 205.02358 | U66: =$L66*0.453592 -> 69.399576 | V66: =IF($G66="","",($C66+$D66)/$G66) -> 0.50578512 | W66: =($C66+$D66) -> 306 | X66: =IF($G66="","",($C66+$E66)/$G66) -> 0.49917355 | Y66: =($C66+$E66) -> 302
A67: 79 | B67: Georgia Southern Univ | C67: 165 | D67: 151 | E67: 153 | F67: 171 | G67: 640 | I67: 437 | J67: FULL | L67: =IF($G67="","",$G67-$I67) -> 203 | M67: 4 | N67: 600 | O67: No | P67: Tube Frame | Q67: None | R67: 10" | S67: 60 | T67: =$I67*0.453592 -> 198.2197 | U67: =$L67*0.453592 -> 92.079176 | V67: =IF($G67="","",($C67+$D67)/$G67) -> 0.49375 | W67: =($C67+$D67) -> 316 | X67: =IF($G67="","",($C67+$E67)/$G67) -> 0.496875 | Y67: =($C67+$E67) -> 318
A68: 80 | B68: Virginia Tech | C68: 124 | D68: 156 | E68: 168 | F68: 136 | G68: 583 | I68: 377 | J68: HALF | L68: =IF($G68="","",$G68-$I68) -> 206 | M68: 1 | N68: 450 | O68: No | P68: Hybrid | Q68: Full Package | R68: 10" | S68: 60.5 | T68: =$I68*0.453592 -> 171.00418 | U68: =$L68*0.453592 -> 93.439952 | V68: =IF($G68="","",($C68+$D68)/$G68) -> 0.48027444 | W68: =($C68+$D68) -> 280 | X68: =IF($G68="","",($C68+$E68)/$G68) -> 0.50085763 | Y68: =($C68+$E68) -> 292
A69: 81 | B69: Northwestern Univ | C69: 153 | D69: 155 | E69: 157 | F69: 159 | G69: 623 | I69: 458 | J69: HALF | L69: =IF($G69="","",$G69-$I69) -> 165 | M69: 4 | N69: 600 | O69: No | P69: Tube Frame | Q69: Wings Only | R69: 10" | S69: 60 | T69: =$I69*0.453592 -> 207.74514 | U69: =$L69*0.453592 -> 74.84268 | V69: =IF($G69="","",($C69+$D69)/$G69) -> 0.49438202 | W69: =($C69+$D69) -> 308 | X69: =IF($G69="","",($C69+$E69)/$G69) -> 0.4975923 | Y69: =($C69+$E69) -> 310
A70: 82 | B70: Univ of North Florida | C70: 138 | D70: 148 | E70: 163 | F70: 150 | G70: 599 | I70: 449 | J70: EMPTY | L70: =IF($G70="","",$G70-$I70) -> 150 | M70: 4 | N70: 599 | O70: No | P70: Tube Frame | Q70: None | R70: 13" | S70: 62 | T70: =$I70*0.453592 -> 203.66281 | U70: =$L70*0.453592 -> 68.0388 | V70: =IF($G70="","",($C70+$D70)/$G70) -> 0.47746244 | W70: =($C70+$D70) -> 286 | X70: =IF($G70="","",($C70+$E70)/$G70) -> 0.50250417 | Y70: =($C70+$E70) -> 301
A71: 83 | B71: Univ of British Columbia - Okanagan | C71: 153 | D71: 204 | E71: 210 | F71: 154 | G71: 722 | I71: 565 | J71: EMPTY | L71: =IF($G71="","",$G71-$I71) -> 157 | M71: 4 | N71: 599 | O71: No | P71: Tube Frame | Q71: Tray Only | R71: 13" | S71: 70 | T71: =$I71*0.453592 -> 256.27948 | U71: =$L71*0.453592 -> 71.213944 | V71: =IF($G71="","",($C71+$D71)/$G71) -> 0.49445983 | W71: =($C71+$D71) -> 357 | X71: =IF($G71="","",($C71+$E71)/$G71) -> 0.50277008 | Y71: =($C71+$E71) -> 363
A72: 84 | B72: Univ of Toronto | C72: 127 | D72: 140 | E72: 133 | F72: 123 | G72: 524 | I72: 364 | J72: EMPTY | L72: =IF($G72="","",$G72-$I72) -> 160 | M72: 1 | N72: 450 | O72: No | P72: Hybrid | Q72: Wings Only | R72: 10" | S72: 60.5 | T72: =$I72*0.453592 -> 165.10749 | U72: =$L72*0.453592 -> 72.57472 | V72: =IF($G72="","",($C72+$D72)/$G72) -> 0.50954198 | W72: =($C72+$D72) -> 267 | X72: =IF($G72="","",($C72+$E72)/$G72) -> 0.49618321 | Y72: =($C72+$E72) -> 260
A73: 85 | B73: Wroclaw University of Technology | C73: 119 | D73: 128 | E73: 151 | F73: 135 | G73: 531 | I73: 415 | J73: EMPTY | L73: =IF($G73="","",$G73-$I73) -> 116 | M73: 4 | N73: 600 | O73: No | P73: Hybrid | Q73: Full Package | R73: 10" | S73: =1525/25.4 -> 60.03937 | T73: =$I73*0.453592 -> 188.24068 | U73: =$L73*0.453592 -> 52.616672 | V73: =IF($G73="","",($C73+$D73)/$G73) -> 0.46516008 | W73: =($C73+$D73) -> 247 | X73: =IF($G73="","",($C73+$E73)/$G73) -> 0.50847458 | Y73: =($C73+$E73) -> 270
A74: 86 | B74: Wayne State Univ | C74: 125 | D74: 153 | E74: 168 | F74: 142 | G74: 587 | I74: 435 | J74: FULL | L74: =IF($G74="","",$G74-$I74) -> 152 | M74: 4 | N74: 600 | O74: No | P74: Tube Frame | Q74: None | R74: 10" | S74: 61.25 | T74: =$I74*0.453592 -> 197.31252 | U74: =$L74*0.453592 -> 68.945984 | V74: =IF($G74="","",($C74+$D74)/$G74) -> 0.47359455 | W74: =($C74+$D74) -> 278 | X74: =IF($G74="","",($C74+$E74)/$G74) -> 0.49914821 | Y74: =($C74+$E74) -> 293
A75: 88 | B75: The Ohio State University | C75: 125 | D75: 169 | E75: 184 | F75: 140 | G75: 618 | I75: 441 | J75: FULL | L75: =IF($G75="","",$G75-$I75) -> 177 | M75: 4 | N75: 599 | O75: No | P75: Monocoque | Q75: Full Package | R75: 10" | S75: 63.5 | T75: =$I75*0.453592 -> 200.03407 | U75: =$L75*0.453592 -> 80.285784 | V75: =IF($G75="","",($C75+$D75)/$G75) -> 0.47572816 | W75: =($C75+$D75) -> 294 | X75: =IF($G75="","",($C75+$E75)/$G75) -> 0.5 | Y75: =($C75+$E75) -> 309
A76: 89 | B76: Tennessee Tech Univ | C76: 116 | D76: 141 | E76: 142 | F76: 115 | G76: 514 | I76: 345 | J76: EMPTY | L76: =IF($G76="","",$G76-$I76) -> 169 | M76: 2 | N76: 600 | O76: No | P76: Tube Frame | Q76: None | R76: 10" | S76: 68 | T76: =$I76*0.453592 -> 156.48924 | U76: =$L76*0.453592 -> 76.657048 | V76: =IF($G76="","",($C76+$D76)/$G76) -> 0.5 | W76: =($C76+$D76) -> 257 | X76: =IF($G76="","",($C76+$E76)/$G76) -> 0.50194553 | Y76: =($C76+$E76) -> 258
A77: 90 | B77: Coburg University of Applied Sciences | C77: 127 | D77: 162 | E77: 172 | F77: 141 | G77: 602 | I77: 401 | J77: HALF | L77: =IF($G77="","",$G77-$I77) -> 201 | M77: 4 | N77: 599 | O77: No | P77: Hybrid | Q77: Wings Only | R77: 10" | S77: =1555/25.4 -> 61.220472 | T77: =$I77*0.453592 -> 181.89039 | U77: =$L77*0.453592 -> 91.171992 | V77: =IF($G77="","",($C77+$D77)/$G77) -> 0.48006645 | W77: =($C77+$D77) -> 289 | X77: =IF($G77="","",($C77+$E77)/$G77) -> 0.49667774 | Y77: =($C77+$E77) -> 299
A78: 91 | B78: Georgia Institute of Technology | C78: 129 | D78: 175 | E78: 181 | F78: 140 | G78: 624 | I78: 479 | J78: EMPTY | L78: =IF($G78="","",$G78-$I78) -> 145 | M78: 4 | N78: 600 | O78: No | P78: Tube Frame | Q78: Full Package | R78: 10" | S78: 60.5 | T78: =$I78*0.453592 -> 217.27057 | U78: =$L78*0.453592 -> 65.77084 | V78: =IF($G78="","",($C78+$D78)/$G78) -> 0.48717949 | W78: =($C78+$D78) -> 304 | X78: =IF($G78="","",($C78+$E78)/$G78) -> 0.49679487 | Y78: =($C78+$E78) -> 310
A79: 92 | B79: Univ of Victoria | C79: 148 | D79: 161 | E79: 171 | F79: 163 | G79: 643 | I79: 466 | J79: EMPTY | L79: =IF($G79="","",$G79-$I79) -> 177 | M79: 4 | N79: 600 | O79: No | P79: Tube Frame | Q79: Wings Only | R79: 10" | S79: 61 | T79: =$I79*0.453592 -> 211.37387 | U79: =$L79*0.453592 -> 80.285784 | V79: =IF($G79="","",($C79+$D79)/$G79) -> 0.48055988 | W79: =($C79+$D79) -> 309 | X79: =IF($G79="","",($C79+$E79)/$G79) -> 0.49611198 | Y79: =($C79+$E79) -> 319
A80: 93 | B80: Universite Du Quebec a Trois-Rivieres | C80: 134 | D80: 160 | E80: 170 | F80: 147 | G80: 611 | I80: 465 | J80: EMPTY | L80: =IF($G80="","",$G80-$I80) -> 146 | M80: 4 | N80: 599 | O80: No | P80: Tube Frame | Q80: Wings Only | R80: 13" | S80: 62 | T80: =$I80*0.453592 -> 210.92028 | U80: =$L80*0.453592 -> 66.224432 | V80: =IF($G80="","",($C80+$D80)/$G80) -> 0.4811784 | W80: =($C80+$D80) -> 294 | X80: =IF($G80="","",($C80+$E80)/$G80) -> 0.49754501 | Y80: =($C80+$E80) -> 304
A81: 94 | B81: Saginaw Valley State Univ | C81: 141 | D81: 161 | E81: 173 | F81: 144 | G81: 619 | I81: 451 | J81: HALF | L81: =IF($G81="","",$G81-$I81) -> 168 | M81: 4 | N81: 599 | O81: No | P81: Tube Frame | Q81: None | R81: 10" | S81: 60 | T81: =$I81*0.453592 -> 204.56999 | U81: =$L81*0.453592 -> 76.203456 | V81: =IF($G81="","",($C81+$D81)/$G81) -> 0.48788368 | W81: =($C81+$D81) -> 302 | X81: =IF($G81="","",($C81+$E81)/$G81) -> 0.50726979 | Y81: =($C81+$E81) -> 314
A82: 95 | B82: Univ of Louisville | L82: =IF($G82="","",$G82-$I82) | T82: =$I82*0.453592 -> 0 | U82: =$L82*0.453592 -> #VALUE! | V82: =IF($G82="","",($C82+$D82)/$G82) | W82: =($C82+$D82) -> 0 | X82: =IF($G82="","",($C82+$E82)/$G82) | Y82: =($C82+$E82) -> 0
A83: 97 | B83: Washington State Univ | C83: 195 | D83: 218 | E83: 203 | F83: 179 | G83: 796 | I83: 555 | J83: EMPTY | L83: =IF($G83="","",$G83-$I83) -> 241 | M83: 4 | N83: 650 | O83: No | P83: Tube Frame | Q83: None | R83: 13" | S83: 62.5 | T83: =$I83*0.453592 -> 251.74356 | U83: =$L83*0.453592 -> 109.31567 | V83: =IF($G83="","",($C83+$D83)/$G83) -> 0.51884422 | W83: =($C83+$D83) -> 413 | X83: =IF($G83="","",($C83+$E83)/$G83) -> 0.5 | Y83: =($C83+$E83) -> 398
A84: 98 | B84: Universidad Metropolitana | C84: 224 | D84: 198 | E84: 173 | F84: 193 | G84: 788 | I84: 561 | J84: EMPTY | L84: =IF($G84="","",$G84-$I84) -> 227 | M84: 4 | N84: 599 | O84: No | P84: Tube Frame | Q84: Wings Only | R84: 13" | S84: =1550/25.4 -> 61.023622 | T84: =$I84*0.453592 -> 254.46511 | U84: =$L84*0.453592 -> 102.96538 | V84: =IF($G84="","",($C84+$D84)/$G84) -> 0.53553299 | W84: =($C84+$D84) -> 422 | X84: =IF($G84="","",($C84+$E84)/$G84) -> 0.50380711 | Y84: =($C84+$E84) -> 397
A85: 99 | B85: York College of Pennsylvania | C85: 159 | D85: 172 | E85: 140 | F85: 132 | G85: 603 | I85: 403 | J85: EMPTY | L85: =IF($G85="","",$G85-$I85) -> 200 | M85: 2 | N85: 450 | O85: No | P85: Tube Frame | Q85: None | R85: 10" | S85: 63 | T85: =$I85*0.453592 -> 182.79758 | U85: =$L85*0.453592 -> 90.7184 | V85: =IF($G85="","",($C85+$D85)/$G85) -> 0.54892206 | W85: =($C85+$D85) -> 331 | X85: =IF($G85="","",($C85+$E85)/$G85) -> 0.49585406 | Y85: =($C85+$E85) -> 299
A86: 100 | B86: Clarkson University | C86: 161 | D86: 173 | E86: 158 | F86: 149 | G86: 641 | I86: 483 | J86: FULL | L86: =IF($G86="","",$G86-$I86) -> 158 | M86: 4 | N86: 636 | O86: No | P86: Tube Frame | Q86: None | R86: 10" | S86: =1652/25.4 -> 65.03937 | T86: =$I86*0.453592 -> 219.08494 | U86: =$L86*0.453592 -> 71.667536 | V86: =IF($G86="","",($C86+$D86)/$G86) -> 0.52106084 | W86: =($C86+$D86) -> 334 | X86: =IF($G86="","",($C86+$E86)/$G86) -> 0.49765991 | Y86: =($C86+$E86) -> 319
A87: 101 | B87: Mississippi State Univ | C87: 166 | D87: 130 | E87: 138 | F87: 165 | G87: 600 | I87: 463 | J87: HALF | L87: =IF($G87="","",$G87-$I87) -> 137 | M87: 2 | N87: 500 | O87: Yes, No Cooler | P87: Tube Frame | Q87: Tray Only | R87: 10" | S87: 61 | T87: =$I87*0.453592 -> 210.0131 | U87: =$L87*0.453592 -> 62.142104 | V87: =IF($G87="","",($C87+$D87)/$G87) -> 0.49333333 | W87: =($C87+$D87) -> 296 | X87: =IF($G87="","",($C87+$E87)/$G87) -> 0.50666667 | Y87: =($C87+$E87) -> 304
A88: 102 | B88: Lawrence Technological Univ | C88: 199 | D88: 172 | E88: 169 | F88: 188 | G88: 729 | I88: 549 | J88: EMPTY | L88: =IF($G88="","",$G88-$I88) -> 180 | M88: 4 | N88: 599.5 | O88: No | P88: Tube Frame | Q88: Full Package | R88: 10" | S88: 60.75 | T88: =$I88*0.453592 -> 249.02201 | U88: =$L88*0.453592 -> 81.64656 | V88: =IF($G88="","",($C88+$D88)/$G88) -> 0.50891632 | W88: =($C88+$D88) -> 371 | X88: =IF($G88="","",($C88+$E88)/$G88) -> 0.5048011 | Y88: =($C88+$E88) -> 368
A89: 103 | B89: Texas Tech Univ | C89: 138 | D89: 162 | E89: 166 | F89: 142 | G89: 608 | I89: 431 | J89: HALF | L89: =IF($G89="","",$G89-$I89) -> 177 | M89: 1 | N89: 450 | O89: No | P89: Tube Frame | Q89: None | R89: 10" | S89: 62 | T89: =$I89*0.453592 -> 195.49815 | U89: =$L89*0.453592 -> 80.285784 | V89: =IF($G89="","",($C89+$D89)/$G89) -> 0.49342105 | W89: =($C89+$D89) -> 300 | X89: =IF($G89="","",($C89+$E89)/$G89) -> 0.5 | Y89: =($C89+$E89) -> 304
A90: 104 | B90: South Dakota School of Mines & Tech | C90: 178 | D90: 176 | E90: 178 | F90: 174 | G90: 706 | I90: 469 | J90: EMPTY | L90: =IF($G90="","",$G90-$I90) -> 237 | M90: 1 | N90: 693 | O90: No | P90: Tube Frame | Q90: None | R90: 10" | S90: =1530/25.4 -> 60.23622 | T90: =$I90*0.453592 -> 212.73465 | U90: =$L90*0.453592 -> 107.5013 | V90: =IF($G90="","",($C90+$D90)/$G90) -> 0.50141643 | W90: =($C90+$D90) -> 354 | X90: =IF($G90="","",($C90+$E90)/$G90) -> 0.50424929 | Y90: =($C90+$E90) -> 356
A91: 105 | B91: Worcester Polytechnic Inst | C91: 135 | D91: 153 | E91: 148 | F91: 129 | G91: 565 | I91: 416 | J91: EMPTY | L91: =IF($G91="","",$G91-$I91) -> 149 | M91: 1 | N91: 450 | O91: No | P91: Tube Frame | Q91: None | R91: 13" | S91: =1549/25.4 -> 60.984252 | T91: =$I91*0.453592 -> 188.69427 | U91: =$L91*0.453592 -> 67.585208 | V91: =IF($G91="","",($C91+$D91)/$G91) -> 0.50973451 | W91: =($C91+$D91) -> 288 | X91: =IF($G91="","",($C91+$E91)/$G91) -> 0.50088496 | Y91: =($C91+$E91) -> 283
A92: 106 | B92: Kettering Univ | C92: 66 | D92: 152 | E92: 183 | F92: 102 | G92: 503 | I92: 343 | J92: HALF | L92: =IF($G92="","",$G92-$I92) -> 160 | M92: 1 | N92: 450 | O92: Yes, No Cooler | P92: Tube Frame | Q92: Wings Only | R92: 10" | S92: 61.5 | T92: =$I92*0.453592 -> 155.58206 | U92: =$L92*0.453592 -> 72.57472 | V92: =IF($G92="","",($C92+$D92)/$G92) -> 0.4333996 | W92: =($C92+$D92) -> 218 | X92: =IF($G92="","",($C92+$E92)/$G92) -> 0.49502982 | Y92: =($C92+$E92) -> 249
A93: 107 | B93: Univ of South Florida | C93: 107 | D93: 137 | E93: 176 | F93: 141 | G93: 561 | I93: 437 | J93: HALF | L93: =IF($G93="","",$G93-$I93) -> 124 | M93: 4 | N93: 599 | O93: No | P93: Tube Frame | Q93: None | R93: 10" | S93: 62 | T93: =$I93*0.453592 -> 198.2197 | U93: =$L93*0.453592 -> 56.245408 | V93: =IF($G93="","",($C93+$D93)/$G93) -> 0.43493761 | W93: =($C93+$D93) -> 244 | X93: =IF($G93="","",($C93+$E93)/$G93) -> 0.50445633 | Y93: =($C93+$E93) -> 283
A94: 108 | B94: Colorado Mesa University | C94: 162 | D94: 172 | E94: 166 | F94: 147 | G94: 647 | I94: 498 | J94: HALF | M94: 4 | N94: 600 | O94: No | P94: Tube Frame | Q94: None | R94: 13" | S94: =1575/25.4 -> 62.007874 | T94: =$I94*0.453592 -> 225.88882 | U94: =$L94*0.453592 -> 0 | V94: =IF($G94="","",($C94+$D94)/$G94) -> 0.51622875 | W94: =($C94+$D94) -> 334 | X94: =IF($G94="","",($C94+$E94)/$G94) -> 0.50695518 | Y94: =($C94+$E94) -> 328
A95: 109 | B95: US Air Force Academy | C95: 143 | D95: 182 | E95: 178 | F95: 149 | G95: 652 | I95: 464 | J95: FULL | L95: =IF($G95="","",$G95-$I95) -> 188 | M95: 1 | N95: 450 | O95: No | P95: Tube Frame | Q95: Wings Only | R95: 10" | S95: 62 | T95: =$I95*0.453592 -> 210.46669 | U95: =$L95*0.453592 -> 85.275296 | V95: =IF($G95="","",($C95+$D95)/$G95) -> 0.49846626 | W95: =($C95+$D95) -> 325 | X95: =IF($G95="","",($C95+$E95)/$G95) -> 0.49233129 | Y95: =($C95+$E95) -> 321
A96: 110 | B96: US Naval Academy | C96: 138 | D96: 180 | E96: 190 | F96: 161 | G96: 673 | I96: 465 | J96: EMPTY | L96: =IF($G96="","",$G96-$I96) -> 208 | M96: 2 | N96: 499 | O96: No | P96: Tube Frame | Q96: Full Package | R96: 10" | S96: 68 | T96: =$I96*0.453592 -> 210.92028 | U96: =$L96*0.453592 -> 94.347136 | V96: =IF($G96="","",($C96+$D96)/$G96) -> 0.47251114 | W96: =($C96+$D96) -> 318 | X96: =IF($G96="","",($C96+$E96)/$G96) -> 0.48736999 | Y96: =($C96+$E96) -> 328
A97: 111 | B97: Lakehead Univ | C97: 149 | D97: 181 | E97: 185 | F97: 156 | G97: 672 | I97: 545 | J97: FULL | L97: =IF($G97="","",$G97-$I97) -> 127 | M97: 4 | N97: 600 | O97: No | P97: Tube Frame | Q97: Full Package | R97: 13" | S97: 64 | T97: =$I97*0.453592 -> 247.20764 | U97: =$L97*0.453592 -> 57.606184 | V97: =IF($G97="","",($C97+$D97)/$G97) -> 0.49107143 | W97: =($C97+$D97) -> 330 | X97: =IF($G97="","",($C97+$E97)/$G97) -> 0.49702381 | Y97: =($C97+$E97) -> 334
A98: 112 | B98: Alabama A & M Univ | L98: =IF($G98="","",$G98-$I98) | T98: =$I98*0.453592 -> 0 | U98: =$L98*0.453592 -> #VALUE! | V98: =IF($G98="","",($C98+$D98)/$G98) | W98: =($C98+$D98) -> 0 | X98: =IF($G98="","",($C98+$E98)/$G98) | Y98: =($C98+$E98) -> 0
A99: 113 | B99: Dalhousie Univ | C99: 125 | D99: 134 | E99: 141 | F99: 134 | G99: 534 | I99: 370 | J99: EMPTY | L99: =IF($G99="","",$G99-$I99) -> 164 | M99: 1 | N99: 449 | O99: No | P99: Tube Frame | Q99: None | R99: 10" | S99: =1550/25.4 -> 61.023622 | T99: =$I99*0.453592 -> 167.82904 | U99: =$L99*0.453592 -> 74.389088 | V99: =IF($G99="","",($C99+$D99)/$G99) -> 0.48501873 | W99: =($C99+$D99) -> 259 | X99: =IF($G99="","",($C99+$E99)/$G99) -> 0.49812734 | Y99: =($C99+$E99) -> 266
A100: 114 | B100: Binghamton Univ | C100: 162 | D100: 217 | E100: 245 | F100: 183 | G100: 805 | I100: 661 | J100: EMPTY | L100: =IF($G100="","",$G100-$I100) -> 144 | M100: 4 | N100: 599 | O100: No | P100: Tube Frame | Q100: None | R100: 13" | S100: 65 | T100: =$I100*0.453592 -> 299.82431 | U100: =$L100*0.453592 -> 65.317248 | V100: =IF($G100="","",($C100+$D100)/$G100) -> 0.47080745 | W100: =($C100+$D100) -> 379 | X100: =IF($G100="","",($C100+$E100)/$G100) -> 0.50559006 | Y100: =($C100+$E100) -> 407
...

Sheet Label Creation
A1: CAR NUMBER FOR LABEL PRINT | B1: Car Number | C1: School Name | D1: Front % | E1: Front # | F1: Left % | G1: Left # | H1: Car Only | I1: Car w Driver | J1: Fuel Level
A2: 44 | B2: =VLOOKUP($A$2,'LOOKUP TABLE - DO NOT EDIT'!$A$2:$I$115,1,FALSE) -> 44 | C2: =VLOOKUP($A$2,'LOOKUP TABLE - DO NOT EDIT'!$A$2:$I$115,2,FALSE) -> IPN - UPIITA | D2: =VLOOKUP($A$2,'LOOKUP TABLE - DO NOT EDIT'!$A$2:$I$115,3,FALSE) -> 53.1 | E2: =VLOOKUP($A$2,'LOOKUP TABLE - DO NOT EDIT'!$A$2:$I$115,4,FALSE) -> 385 | F2: =VLOOKUP($A$2,'LOOKUP TABLE - DO NOT EDIT'!$A$2:$I$115,5,FALSE) -> 50.21 | G2: =VLOOKUP($A$2,'LOOKUP TABLE - DO NOT EDIT'!$A$2:$I$115,6,FALSE) -> 364 | H2: =VLOOKUP($A$2,'LOOKUP TABLE - DO NOT EDIT'!$A$2:$I$115,7,FALSE) -> 563 | I2: =VLOOKUP($A$2,'LOOKUP TABLE - DO NOT EDIT'!$A$2:$I$115,8,FALSE) -> 725 | J2: =VLOOKUP($A$2,'LOOKUP TABLE - DO NOT EDIT'!$A$2:$I$115,9,FALSE) -> HALF

Sheet Design Schedule
A1: Time | B1: Queue | C1: Team Number | D1: Team Name | E1: Car Weight | F1: Scaled?
A2: 8:30AM | B2: A | C2: 74 | D2: =VLOOKUP(C2,'Scales Input Table'!$A$2:$I$120,2,FALSE) -> Rochester Institute of Technology | E2: =VLOOKUP(C2,'Scales Input Table'!$A$2:$I$120,9,FALSE) -> 426 | F2: =IF(E2>0,"Yes","No") -> Yes
A3: 8:30AM | B3: B | C3: 46 | D3: =VLOOKUP(C3,'Scales Input Table'!$A$2:$I$120,2,FALSE) -> San Jose State University | E3: =VLOOKUP(C3,'Scales Input Table'!$A$2:$I$120,9,FALSE) -> 435 | F3: =IF(E3>0,"Yes","No") -> Yes
A4: 8:30AM | B4: C | C4: 88 | D4: =VLOOKUP(C4,'Scales Input Table'!$A$2:$I$120,2,FALSE) -> The Ohio State University | E4: =VLOOKUP(C4,'Scales Input Table'!$A$2:$I$120,9,FALSE) -> 441 | F4: =IF(E4>0,"Yes","No") -> Yes
A5: 8:30AM | B5: D | C5: 5 | D5: =VLOOKUP(C5,'Scales Input Table'!$A$2:$I$120,2,FALSE) -> Ecole De Technologie Superieure | E5: =VLOOKUP(C5,'Scales Input Table'!$A$2:$I$120,9,FALSE) -> 325 | F5: =IF(E5>0,"Yes","No") -> Yes
A6: 8:30AM | B6: E | C6: 22 | D6: =VLOOKUP(C6,'Scales Input Table'!$A$2:$I$120,2,FALSE) -> #N/A | E6: =VLOOKUP(C6,'Scales Input Table'!$A$2:$I$120,9,FALSE) -> #N/A | F6: =IF(E6>0,"Yes","No") -> #N/A | G6: No Paddock
A7: 8:30AM | B7: F | C7: 62 | D7: =VLOOKUP(C7,'Scales Input Table'!$A$2:$I$120,2,FALSE) -> Univ of Minnesota - Twin Cities | E7: =VLOOKUP(C7,'Scales Input Table'!$A$2:$I$120,9,FALSE) -> 448 | F7: =IF(E7>0,"Yes","No") -> Yes
A8: 8:30AM | B8: G | C8: 126 | D8: =VLOOKUP(C8,'Scales Input Table'!$A$2:$I$120,2,FALSE) -> Univ of Kansas - Lawrence | E8: =VLOOKUP(C8,'Scales Input Table'!$A$2:$I$120,9,FALSE) -> 465 | F8: =IF(E8>0,"Yes","No") -> Yes
A9: 8:30AM | B9: H | C9: 1 | D9: =VLOOKUP(C9,'Scales Input Table'!$A$2:$I$120,2,FALSE) -> Universitat Stuttgart | E9: =VLOOKUP(C9,'Scales Input Table'!$A$2:$I$120,9,FALSE) -> 383 | F9: =IF(E9>0,"Yes","No") -> Yes
A10: 8:30AM | B10: I | C10: 90 | D10: =VLOOKUP(C10,'Scales Input Table'!$A$2:$I$120,2,FALSE) -> Coburg University of Applied Sciences | E10: =VLOOKUP(C10,'Scales Input Table'!$A$2:$I$120,9,FALSE) -> 401 | F10: =IF(E10>0,"Yes","No") -> Yes
A11: 8:30AM | B11: J | C11: 8 | D11: =VLOOKUP(C11,'Scales Input Table'!$A$2:$I$120,2,FALSE) -> Univ of Wisconsin - Madison | E11: =VLOOKUP(C11,'Scales Input Table'!$A$2:$I$120,9,FALSE) -> 363 | F11: =IF(E11>0,"Yes","No") -> Yes
A12: 8:30AM | B12: K | C12: 36 | D12: =VLOOKUP(C12,'Scales Input Table'!$A$2:$I$120,2,FALSE) -> Missouri University of Science and Tech | E12: =VLOOKUP(C12,'Scales Input Table'!$A$2:$I$120,9,FALSE) -> 462 | F12: =IF(E12>0,"Yes","No") -> Yes
A13: 8:30AM | B13: L | C13: 6 | D13: =VLOOKUP(C13,'Scales Input Table'!$A$2:$I$120,2,FALSE) -> Univ of Akron | E13: =VLOOKUP(C13,'Scales Input Table'!$A$2:$I$120,9,FALSE) -> 373 | F13: =IF(E13>0,"Yes","No") -> Yes
A14: 8:30AM | B14: M | C14: 54 | D14: =VLOOKUP(C14,'Scales Input Table'!$A$2:$I$120,2,FALSE) -> Michigan Tech Univ | E14: =VLOOKUP(C14,'Scales Input Table'!$A$2:$I$120,9,FALSE) -> 503 | F14: =IF(E14>0,"Yes","No") -> Yes
A15: 8:30AM | B15: N | C15: 56 | D15: =VLOOKUP(C15,'Scales Input Table'!$A$2:$I$120,2,FALSE) -> National Univ of Singapore | E15: =VLOOKUP(C15,'Scales Input Table'!$A$2:$I$120,9,FALSE) -> 468 | F15: =IF(E15>0,"Yes","No") -> Yes
A16: 8:30AM | B16: O | C16: 19 | D16: =VLOOKUP(C16,'Scales Input Table'!$A$2:$I$120,2,FALSE) -> North Carolina State Univ - Raleigh | E16: =VLOOKUP(C16,'Scales Input Table'!$A$2:$I$120,9,FALSE) -> 466 | F16: =IF(E16>0,"Yes","No") -> Yes
A17: 9:30AM | B17: A | C17: 39 | D17: =VLOOKUP(C17,'Scales Input Table'!$A$2:$I$120,2,FALSE) -> Univ of Missouri | E17: =VLOOKUP(C17,'Scales Input Table'!$A$2:$I$120,9,FALSE) -> 471 | F17: =IF(E17>0,"Yes","No") -> Yes
A18: 9:30AM | B18: B | C18: 2 | D18: =VLOOKUP(C18,'Scales Input Table'!$A$2:$I$120,2,FALSE) -> Graz Technical Univ | E18: =VLOOKUP(C18,'Scales Input Table'!$A$2:$I$120,9,FALSE) -> 342 | F18: =IF(E18>0,"Yes","No") -> Yes
... A36: 10:30AM | B36: E | C36: 40 | D36: =VLOOKUP(C36,'Scales Input Table'!$A$2:$I$120,2,FALSE) -> Clemson Univ | E36: =VLOOKUP(C36,'Scales Input Table'!$A$2:$I$120,9,FALSE) -> 489 | F36: =IF(E36>0,"Yes","No") -> Yes
A37: 10:30AM | B37: F | C37: 87 | D37: =VLOOKUP(C37,'Scales Input Table'!$A$2:$I$120,2,FALSE) -> #N/A | E37: =VLOOKUP(C37,'Scales Input Table'!$A$2:$I$120,9,FALSE) -> #N/A | F37: =IF(E37>0,"Yes","No") -> #N/A | G37: No Paddock
A38: 10:30AM | B38: G | C38: 47 | D38: =VLOOKUP(C38,'Scales Input Table'!$A$2:$I$120,2,FALSE) -> Ryerson Univ | E38: =VLOOKUP(C38,'Scales Input Table'!$A$2:$I$120,9,FALSE) -> 452 | F38: =IF(E38>0,"Yes","No") -> Yes
A39: 10:30AM | B39: H | C39: 105 | D39: =VLOOKUP(C39,'Scales Input Table'!$A$2:$I$120,2,FALSE) -> Worcester Polytechnic Inst | E39: =VLOOKUP(C39,'Scales Input Table'!$A$2:$I$120,9,FALSE) -> 416 | F39: =IF(E39>0,"Yes","No") -> Yes
A40: 10:30AM | B40: I | C40: 52 | D40: =VLOOKUP(C40,'Scales Input Table'!$A$2:$I$120,2,FALSE) -> Western Michigan Univ | E40: =VLOOKUP(C40,'Scales Input Table'!$A$2:$I$120,9,FALSE) -> 474 | F40: =IF(E40>0,"Yes","No") -> Yes
A41: 10:30AM | B41: J | C41: 132 | D41: =VLOOKUP(C41,'Scales Input Table'!$A$2:$I$120,2,FALSE) -> Univ of Pittsburgh - Pittsburgh | E41: =VLOOKUP(C41,'Scales Input Table'!$A$2:$I$120,9,FALSE) -> 469 | F41: =IF(E41>0,"Yes","No") -> Yes
A42: 10:30AM | B42: K | C42: 30 | D42: =VLOOKUP(C42,'Scales Input Table'!$A$2:$I$120,2,FALSE) -> Univ of New Hampshire | E42: =VLOOKUP(C42,'Scales Input Table'!$A$2:$I$120,9,FALSE) -> 444 | F42: =IF(E42>0,"Yes","No") -> Yes
A43: 10:30AM | B43: L | C43: 123 | D43: =VLOOKUP(C43,'Scales Input Table'!$A$2:$I$120,2,FALSE) -> Villanova Univ | E43: =VLOOKUP(C43,'Scales Input Table'!$A$2:$I$120,9,FALSE) -> 425 | F43: =IF(E43>0,"Yes","No") -> Yes
A44: 10:30AM | B44: M | C44: 69 | D44: =VLOOKUP(C44,'Scales Input Table'!$A$2:$I$120,2,FALSE) -> Univ of Connecticut | E44: =VLOOKUP(C44,'Scales Input Table'!$A$2:$I$120,9,FALSE) -> 451 | F44: =IF(E44>0,"Yes","No") -> Yes
A45: 10:30AM | B45: N | C45: 59 | D45: =VLOOKUP(C45,'Scales Input Table'!$A$2:$I$120,2,FALSE) -> #N/A | E45: =VLOOKUP(C45,'Scales Input Table'!$A$2:$I$120,9,FALSE) -> #N/A | F45: =IF(E45>0,"Yes","No") -> #N/A | G45: No Paddock
A46: 10:30AM | B46: O | C46: 12 | D46: =VLOOKUP(C46,'Scales Input Table'!$A$2:$I$120,2,FALSE) -> Purdue Univ - W Lafayette | E46: =VLOOKUP(C46,'Scales Input Table'!$A$2:$I$120,9,FALSE) -> 455 | F46: =IF(E46>0,"Yes","No") -> Yes
A47: 12:30PM | B47: A | C47: 91 | D47: =VLOOKUP(C47,'Scales Input Table'!$A$2:$I$120,2,FALSE) -> Georgia Institute of Technology | E47: =VLOOKUP(C47,'Scales Input Table'!$A$2:$I$120,9,FALSE) -> 479 | F47: =IF(E47>0,"Yes","No") -> Yes
A48: 12:30PM | B48: B | C48: 80 | D48: =VLOOKUP(C48,'Scales Input Table'!$A$2:$I$120,2,FALSE) -> Virginia Tech | E48: =VLOOKUP(C48,'Scales Input Table'!$A$2:$I$120,9,FALSE) -> 377 | F48: =IF(E48>0,"Yes","No") -> Yes
A49: 12:30PM | B49: C | C49: 93 | D49: =VLOOKUP(C49,'Scales Input Table'!$A$2:$I$120,2,FALSE) -> Universite Du Quebec a Trois-Rivieres | E49: =VLOOKUP(C49,'Scales Input Table'!$A$2:$I$120,9,FALSE) -> 465 | F49: =IF(E49>0,"Yes","No") -> Yes
A50: 12:30PM | B50: D | C50: 115 | D50: =VLOOKUP(C50,'Scales Input Table'!$A$2:$I$120,2,FALSE) -> Univ of British Columbia | E50: =VLOOKUP(C50,'Scales Input Table'!$A$2:$I$120,9,FALSE) -> 451 | F50: =IF(E50>0,"Yes","No") -> Yes
A51: 12:30PM | B51: E | C51: 72 | D51: =VLOOKUP(C51,'Scales Input Table'!$A$2:$I$120,2,FALSE) -> Florida International Univ | E51: =VLOOKUP(C51,'Scales Input Table'!$A$2:$I$120,9,FALSE) -> 475 | F51: =IF(E51>0,"Yes","No") -> Yes
A52: 12:30PM | B52: F | C52: 125 | D52: =VLOOKUP(C52,'Scales Input Table'!$A$2:$I$120,2,FALSE) -> South Dakota State Univ | E52: =VLOOKUP(C52,'Scales Input Table'!$A$2:$I$120,9,FALSE) -> 467 | F52: =IF(E52>0,"Yes","No") -> Yes
A53: 12:30PM | B53: G | C53: 83 | D53: =VLOOKUP(C53,'Scales Input Table'!$A$2:$I$120,2,FALSE) -> Univ of British Columbia - Okanagan | E53: =VLOOKUP(C53,'Scales Input Table'!$A$2:$I$120,9,FALSE) -> 565 | F53: =IF(E53>0,"Yes","No") -> Yes
A54: 12:30PM | B54: H | C54: 48 | D54: =VLOOKUP(C54,'Scales Input Table'!$A$2:$I$120,2,FALSE) -> Vaughn College of Aeronautics | E54: =VLOOKUP(C54,'Scales Input Table'!$A$2:$I$120,9,FALSE) -> 0 | F54: =IF(E54>0,"Yes","No") -> No | G54: No Paddock
A55: 12:30PM | B55: I | C55: 129 | D55: =VLOOKUP(C55,'Scales Input Table'!$A$2:$I$120,2,FALSE) -> #N/A | E55: =VLOOKUP(C55,'Scales Input Table'!$A$2:$I$120,9,FALSE) -> #N/A | F55: =IF(E55>0,"Yes","No") -> #N/A | G55: No Paddock
A56: 12:30PM | B56: J | C56: 21 | D56: =VLOOKUP(C56,'Scales Input Table'!$A$2:$I$120,2,FALSE) -> Univ of Florida | E56: =VLOOKUP(C56,'Scales Input Table'!$A$2:$I$120,9,FALSE) -> 474 | F56: =IF(E56>0,"Yes","No") -> Yes
A57: 12:30PM | B57: K | C57: 99 | D57: =VLOOKUP(C57,'Scales Input Table'!$A$2:$I$120,2,FALSE) -> York College of Pennsylvania | E57: =VLOOKUP(C57,'Scales Input Table'!$A$2:$I$120,9,FALSE) -> 403 | F57: =IF(E57>0,"Yes","No") -> Yes
A58: 12:30PM | B58: L | C58: 49 | D58: =VLOOKUP(C58,'Scales Input Table'!$A$2:$I$120,2,FALSE) -> Univ of Louisiana - Lafayette | E58: =VLOOKUP(C58,'Scales Input Table'!$A$2:$I$120,9,FALSE) -> 533 | F58: =IF(E58>0,"Yes","No") -> Yes
A59: 12:30PM | B59: M | C59: 19 | D59: =VLOOKUP(C59,'Scales Input Table'!$A$2:$I$120,2,FALSE) -> North Carolina State Univ - Raleigh | E59: =VLOOKUP(C59,'Scales Input Table'!$A$2:$I$120,9,FALSE) -> 466 | F59: =IF(E59>0,"Yes","No") -> Yes
A60: 12:30PM | B60: N | C60: 102 | D60: =VLOOKUP(C60,'Scales Input Table'!$A$2:$I$120,2,FALSE) -> Lawrence Technological Univ | E60: =VLOOKUP(C60,'Scales Input Table'!$A$2:$I$120,9,FALSE) -> 549 | F60: =IF(E60>0,"Yes","No") -> Yes
A61: 12:30PM | B61: O | C61: 124 | D61: =VLOOKUP(C61,'Scales Input Table'!$A$2:$I$120,2,FALSE) -> Univ of Nebraska - Lincoln | E61: =VLOOKUP(C61,'Scales Input Table'!$A$2:$I$120,9,FALSE) -> 464 | F61: =IF(E61>0,"Yes","No") -> Yes
A62: 1:30PM | B62: A | C62: 26 | D62: =VLOOKUP(C62,'Scales Input Table'!$A$2:$I$120,2,FALSE) -> Purdue Univ - Northwest | E62: =VLOOKUP(C62,'Scales Input Table'!$A$2:$I$120,9,FALSE) -> 456 | F62: =IF(E62>0,"Yes","No") -> Yes
A63: 1:30PM | B63: B | C63: 38 | D63: =VLOOKUP(C63,'Scales Input Table'!$A$2:$I$120,2,FALSE) -> Brown Univ | E63: =VLOOKUP(C63,'Scales Input Table'!$A$2:$I$120,9,FALSE) -> 438 | F63: =IF(E63>0,"Yes","No") -> Yes
A64: 1:30PM | B64: C | C64: 118 | D64: =VLOOKUP(C64,'Scales Input Table'!$A$2:$I$120,2,FALSE) -> Cooper Union | E64: =VLOOKUP(C64,'Scales Input Table'!$A$2:$I$120,9,FALSE) -> 470 | F64: =IF(E64>0,"Yes","No") -> Yes
A65: 1:30PM | B65: D | C65: 15 | D65: =VLOOKUP(C65,'Scales Input Table'!$A$2:$I$120,2,FALSE) -> #N/A | E65: =VLOOKUP(C65,'Scales Input Table'!$A$2:$I$120,9,FALSE) -> #N/A | F65: =IF(E65>0,"Yes","No") -> #N/A | G65: No Paddock
A66: 1:30PM | B66: E | C66: 81 | D66: =VLOOKUP(C66,'Scales Input Table'!$A$2:$I$120,2,FALSE) -> Northwestern Univ | E66: =VLOOKUP(C66,'Scales Input Table'!$A$2:$I$120,9,FALSE) -> 458 | F66: =IF(E66>0,"Yes","No") -> Yes
A67: 1:30PM | B67: F | C67: 51 | D67: =VLOOKUP(C67,'Scales Input Table'!$A$2:$I$120,2,FALSE) -> Universidad Simon Bolivar | E67: =VLOOKUP(C67,'Scales Input Table'!$A$2:$I$120,9,FALSE) -> 499 | F67: =IF(E67>0,"Yes","No") -> Yes
A68: 1:30PM | B68: G | C68: 24 | D68: =VLOOKUP(C68,'Scales Input Table'!$A$2:$I$120,2,FALSE) -> Univ of Toledo | E68: =VLOOKUP(C68,'Scales Input Table'!$A$2:$I$120,9,FALSE) -> 386 | F68: =IF(E68>0,"Yes","No") -> Yes
A69: 1:30PM | B69: H | C69: 79 | D69: =VLOOKUP(C69,'Scales Input Table'!$A$2:$I$120,2,FALSE) -> Georgia Southern Univ | E69: =VLOOKUP(C69,'Scales Input Table'!$A$2:$I$120,9,FALSE) -> 437 | F69: =IF(E69>0,"Yes","No") -> Yes
A70: 1:30PM | B70: I | C70: 7 | D70: =VLOOKUP(C70,'Scales Input Table'!$A$2:$I$120,2,FALSE) -> Carleton Univ | E70: =VLOOKUP(C70,'Scales Input Table'!$A$2:$I$120,9,FALSE) -> 358 | F70: =IF(E70>0,"Yes","No") -> Yes
A71: 1:30PM | B71: J | C71: 139 | D71: =VLOOKUP(C71,'Scales Input Table'!$A$2:$I$120,2,FALSE) -> CEFET-MG | E71: =VLOOKUP(C71,'Scales Input Table'!$A$2:$I$120,9,FALSE) -> 461 | F71: =IF(E71>0,"Yes","No") -> Yes
A72: 1:30PM | B72: K | C72: 50 | D72: =VLOOKUP(C72,'Scales Input Table'!$A$2:$I$120,2,FALSE) -> Univ of Michigan - Dearborn | E72: =VLOOKUP(C72,'Scales Input Table'!$A$2:$I$120,9,FALSE) -> 445 | F72: =IF(E72>0,"Yes","No") -> Yes
A73: 1:30PM | B73: L | C73: 17 | D73: =VLOOKUP(C73,'Scales Input Table'!$A$2:$I$120,2,FALSE) -> Bradley Univ | E73: =VLOOKUP(C73,'Scales Input Table'!$A$2:$I$120,9,FALSE) -> 511 | F73: =IF(E73>0,"Yes","No") -> Yes
A74: 1:30PM | B74: M | C74: 61 | D74: =VLOOKUP(C74,'Scales Input Table'!$A$2:$I$120,2,FALSE) -> Queen's Univ | E74: =VLOOKUP(C74,'Scales Input Table'!$A$2:$I$120,9,FALSE) -> 0 | F74: =IF(E74>0,"Yes","No") -> No | G74: No Paddock
A75: 1:30PM | B75: N | C75: 110 | D75: =VLOOKUP(C75,'Scales Input Table'!$A$2:$I$120,2,FALSE) -> US Naval Academy | E75: =VLOOKUP(C75,'Scales Input Table'!$A$2:$I$120,9,FALSE) -> 465 | F75: =IF(E75>0,"Yes","No") -> Yes
A76: 1:30PM | B76: O | C76: 106 | D76: =VLOOKUP(C76,'Scales Input Table'!$A$2:$I$120,2,FALSE) -> Kettering Univ | E76: =VLOOKUP(C76,'Scales Input Table'!$A$2:$I$120,9,FALSE) -> 343 | F76: =IF(E76>0,"Yes","No") -> Yes
A77: 2:30PM | B77: A | C77: 89 | D77: =VLOOKUP(C77,'Scales Input Table'!$A$2:$I$120,2,FALSE) -> Tennessee Tech Univ | E77: =VLOOKUP(C77,'Scales Input Table'!$A$2:$I$120,9,FALSE) -> 345 | F77: =IF(E77>0,"Yes","No") -> Yes
A78: 2:30PM | B78: B | C78: 103 | D78: =VLOOKUP(C78,'Scales Input Table'!$A$2:$I$120,2,FALSE) -> Texas Tech Univ | E78: =VLOOKUP(C78,'Scales Input Table'!$A$2:$I$120,9,FALSE) -> 431 | F78: =IF(E78>0,"Yes","No") -> Yes
A79: 2:30PM | B79: C | C79: 111 | D79: =VLOOKUP(C79,'Scales Input Table'!$A$2:$I$120,2,FALSE) -> Lakehead Univ | E79: =VLOOKUP(C79,'Scales Input Table'!$A$2:$I$120,9,FALSE) -> 545 | F79: =IF(E79>0,"Yes","No") -> Yes
A80: 2:30PM | B80: D | C80: 96 | D80: =VLOOKUP(C80,'Scales Input Table'!$A$2:$I$120,2,FALSE) -> #N/A | E80: =VLOOKUP(C80,'Scales Input Table'!$A$2:$I$120,9,FALSE) -> #N/A | F80: =IF(E80>0,"Yes","No") -> #N/A | G80: No Paddock
A81: 2:30PM | B81: E | C81: 70 | D81: =VLOOKUP(C81,'Scales Input Table'!$A$2:$I$120,2,FALSE) -> Penn State Univ - Harrisburg | E81: =VLOOKUP(C81,'Scales Input Table'!$A$2:$I$120,9,FALSE) -> 536 | F81: =IF(E81>0,"Yes","No") -> Yes
A82: 2:30PM | B82: F | C82: 108 | D82: =VLOOKUP(C82,'Scales Input Table'!$A$2:$I$120,2,FALSE) -> Colorado Mesa University | E82: =VLOOKUP(C82,'Scales Input Table'!$A$2:$I$120,9,FALSE) -> 498 | F82: =IF(E82>0,"Yes","No") -> Yes
A83: 2:30PM | B83: G | C83: 114 | D83: =VLOOKUP(C83,'Scales Input Table'!$A$2:$I$120,2,FALSE) -> Binghamton Univ | E83: =VLOOKUP(C83,'Scales Input Table'!$A$2:$I$120,9,FALSE) -> 661 | F83: =IF(E83>0,"Yes","No") -> Yes
A84: 2:30PM | B84: H | C84: 41 | D84: =VLOOKUP(C84,'Scales Input Table'!$A$2:$I$120,2,FALSE) -> Grand Valley State Univ | E84: =VLOOKUP(C84,'Scales Input Table'!$A$2:$I$120,9,FALSE) -> 547 | F84: =IF(E84>0,"Yes","No") -> Yes
A85: 2:30PM | B85: I | C85: 29 | D85: =VLOOKUP(C85,'Scales Input Table'!$A$2:$I$120,2,FALSE) -> Univ of Cincinnati | E85: =VLOOKUP(C85,'Scales Input Table'!$A$2:$I$120,9,FALSE) -> 421 | F85: =IF(E85>0,"Yes","No") -> Yes
A86: 2:30PM | B86: J | C86: 112 | D86: =VLOOKUP(C86,'Scales Input Table'!$A$2:$I$120,2,FALSE) -> Alabama A & M Univ | E86: =VLOOKUP(C86,'Scales Input Table'!$A$2:$I$120,9,FALSE) -> 0 | F86: =IF(E86>0,"Yes","No") -> No | G86: No Car
A87: 2:30PM | B87: K | C87: 58 | D87: =VLOOKUP(C87,'Scales Input Table'!$A$2:$I$120,2,FALSE) -> Kennesaw State University | E87: =VLOOKUP(C87,'Scales Input Table'!$A$2:$I$120,9,FALSE) -> 390 | F87: =IF(E87>0,"Yes","No") -> Yes
A88: 2:30PM | B88: L | C88: 67 | D88: =VLOOKUP(C88,'Scales Input Table'!$A$2:$I$120,2,FALSE) -> Univ of Guelph | E88: =VLOOKUP(C88,'Scales Input Table'!$A$2:$I$120,9,FALSE) -> 449 | F88: =IF(E88>0,"Yes","No") -> Yes
A89: 2:30PM | B89: M | C89: 42 | D89: =VLOOKUP(C89,'Scales Input Table'!$A$2:$I$120,2,FALSE) -> Univ of Kentucky | E89: =VLOOKUP(C89,'Scales Input Table'!$A$2:$I$120,9,FALSE) -> 524 | F89: =IF(E89>0,"Yes","No") -> Yes
A90: 2:30PM | B90: N | C90: 113 | D90: =VLOOKUP(C90,'Scales Input Table'!$A$2:$I$120,2,FALSE) -> Dalhousie Univ | E90: =VLOOKUP(C90,'Scales Input Table'!$A$2:$I$120,9,FALSE) -> 370 | F90: =IF(E90>0,"Yes","No") -> Yes
A91: 2:30PM | B91: O | C91: 101 | D91: =VLOOKUP(C91,'Scales Input Table'!$A$2:$I$120,2,FALSE) -> Mississippi State Univ | E91: =VLOOKUP(C91,'Scales Input Table'!$A$2:$I$120,9,FALSE) -> 463 | F91: =IF(E91>0,"Yes","No") -> Yes
A92: 3:30PM | B92: A | C92: 82 | D92: =VLOOKUP(C92,'Scales Input Table'!$A$2:$I$120,2,FALSE) -> Univ of North Florida | E92: =VLOOKUP(C92,'Scales Input Table'!$A$2:$I$120,9,FALSE) -> 449 | F92: =IF(E92>0,"Yes","No") -> Yes
A93: 3:30PM | B93: B | C93: 122 | D93: =VLOOKUP(C93,'Scales Input Table'!$A$2:$I$120,2,FALSE) -> Florida Atlantic Univ | E93: =VLOOKUP(C93,'Scales Input Table'!$A$2:$I$120,9,FALSE) -> 491 | F93: =IF(E93>0,"Yes","No") -> Yes
A94: 3:30PM | B94: C | C94: 63 | D94: =VLOOKUP(C94,'Scales Input Table'!$A$2:$I$120,2,FALSE) -> Washington Univ - St Louis | E94: =VLOOKUP(C94,'Scales Input Table'!$A$2:$I$120,9,FALSE) -> 430 | F94: =IF(E94>0,"Yes","No") -> Yes
A95: 3:30PM | B95: D | C95: 117 | D95: =VLOOKUP(C95,'Scales Input Table'!$A$2:$I$120,2,FALSE) -> Columbia Univ | E95: =VLOOKUP(C95,'Scales Input Table'!$A$2:$I$120,9,FALSE) -> 500 | F95: =IF(E95>0,"Yes","No") -> Yes
A96: 3:30PM | B96: E | C96: 84 | D96: =VLOOKUP(C96,'Scales Input Table'!$A$2:$I$120,2,FALSE) -> Univ of Toronto | E96: =VLOOKUP(C96,'Scales Input Table'!$A$2:$I$120,9,FALSE) -> 364 | F96: =IF(E96>0,"Yes","No") -> Yes
A97: 3:30PM | B97: F | C97: 20 | D97: =VLOOKUP(C97,'Scales Input Table'!$A$2:$I$120,2,FALSE) -> Florida Inst of Tech | E97: =VLOOKUP(C97,'Scales Input Table'!$A$2:$I$120,9,FALSE) -> 536 | F97: =IF(E97>0,"Yes","No") -> Yes
A98: 3:30PM | B98: G | C98: 10 | D98: =VLOOKUP(C98,'Scales Input Table'!$A$2:$I$120,2,FALSE) -> AGH Univ of Science and Technology | E98: =VLOOKUP(C98,'Scales Input Table'!$A$2:$I$120,9,FALSE) -> 427 | F98: =IF(E98>0,"Yes","No") -> Yes
... A104: 3:30PM | B104: M | C104: 64 | D104: =VLOOKUP(C104,'Scales Input Table'!$A$2:$I$120,2,FALSE) -> Univ of Maryland - College Park | E104: =VLOOKUP(C104,'Scales Input Table'!$A$2:$I$120,9,FALSE) -> 471 | F104: =IF(E104>0,"Yes","No") -> Yes
A105: 3:30PM | B105: N | C105: 95 | D105: =VLOOKUP(C105,'Scales Input Table'!$A$2:$I$120,2,FALSE) -> Univ of Louisville | E105: =VLOOKUP(C105,'Scales Input Table'!$A$2:$I$120,9,FALSE) -> 0 | F105: =IF(E105>0,"Yes","No") -> No | G105: No Paddock
A106: 3:30PM | B106: O | C106: 109 | D106: =VLOOKUP(C106,'Scales Input Table'!$A$2:$I$120,2,FALSE) -> US Air Force Academy | E106: =VLOOKUP(C106,'Scales Input Table'!$A$2:$I$120,9,FALSE) -> 464 | F106: =IF(E106>0,"Yes","No") -> Yes
A107: 4:30PM | B107: A | C107: 120 | D107: =VLOOKUP(C107,'Scales Input Table'!$A$2:$I$120,2,FALSE) -> Universidad Autonoma Estado Mexico | E107: =VLOOKUP(C107,'Scales Input Table'!$A$2:$I$120,9,FALSE) -> 0 | F107: =IF(E107>0,"Yes","No") -> No
A108: 4:30PM | B108: B | C108: 98 | D108: =VLOOKUP(C108,'Scales Input Table'!$A$2:$I$120,2,FALSE) -> Universidad Metropolitana | E108: =VLOOKUP(C108,'Scales Input Table'!$A$2:$I$120,9,FALSE) -> 561 | F108: =IF(E108>0,"Yes","No") -> Yes
A109: 4:30PM | B109: C | C109: 131 | D109: =VLOOKUP(C109,'Scales Input Table'!$A$2:$I$120,2,FALSE) -> Polytechnic Univ of Puerto Rico | E109: =VLOOKUP(C109,'Scales Input Table'!$A$2:$I$120,9,FALSE) -> 712 | F109: =IF(E109>0,"Yes","No") -> Yes
A110: 4:30PM | B110: D | C110: 100 | D110: =VLOOKUP(C110,'Scales Input Table'!$A$2:$I$120,2,FALSE) -> Clarkson University | E110: =VLOOKUP(C110,'Scales Input Table'!$A$2:$I$120,9,FALSE) -> 483 | F110: =IF(E110>0,"Yes","No") -> Yes
A111: 4:30PM | B111: E | C111: 35 | D111: =VLOOKUP(C111,'Scales Input Table'!$A$2:$I$120,2,FALSE) -> Kansas State Univ | E111: =VLOOKUP(C111,'Scales Input Table'!$A$2:$I$120,9,FALSE) -> 549 | F111: =IF(E111>0,"Yes","No") -> Yes
A112: 4:30PM | B112: F | C112: 78 | D112: =VLOOKUP(C112,'Scales Input Table'!$A$2:$I$120,2,FALSE) -> Temple Univ | E112: =VLOOKUP(C112,'Scales Input Table'!$A$2:$I$120,9,FALSE) -> 452 | F112: =IF(E112>0,"Yes","No") -> Yes
A113: 4:30PM | B113: G | C113: 97 | D113: =VLOOKUP(C113,'Scales Input Table'!$A$2:$I$120,2,FALSE) -> Washington State Univ | E113: =VLOOKUP(C113,'Scales Input Table'!$A$2:$I$120,9,FALSE) -> 555 | F113: =IF(E113>0,"Yes","No") -> Yes
A114: 4:30PM | B114: H | C114: 75 | D114: =VLOOKUP(C114,'Scales Input Table'!$A$2:$I$120,2,FALSE) -> Old Dominion Univ | E114: =VLOOKUP(C114,'Scales Input Table'!$A$2:$I$120,9,FALSE) -> 491 | F114: =IF(E114>0,"Yes","No") -> Yes
A115: 4:30PM | B115: I | C115: 116 | D115: =VLOOKUP(C115,'Scales Input Table'!$A$2:$I$120,2,FALSE) -> West Virginia Univ | E115: =VLOOKUP(C115,'Scales Input Table'!$A$2:$I$120,9,FALSE) -> 0 | F115: =IF(E115>0,"Yes","No") -> No | G115: No Paddock
A116: 4:30PM | B116: J | C116: 71 | D116: =VLOOKUP(C116,'Scales Input Table'!$A$2:$I$120,2,FALSE) -> Univ of Puerto Rico-Mayaquez | E116: =VLOOKUP(C116,'Scales Input Table'!$A$2:$I$120,9,FALSE) -> 482 | F116: =IF(E116>0,"Yes","No") -> Yes
A117: 4:30PM | B117: K | C117: 53 | D117: =VLOOKUP(C117,'Scales Input Table'!$A$2:$I$120,2,FALSE) -> #N/A | E117: =VLOOKUP(C117,'Scales Input Table'!$A$2:$I$120,9,FALSE) -> #N/A | F117: =IF(E117>0,"Yes","No") -> #N/A | G117: No Paddock
A118: 4:30PM | B118: L | C118: 76 | D118: =VLOOKUP(C118,'Scales Input Table'!$A$2:$I$120,2,FALSE) -> Hope College | E118: =VLOOKUP(C118,'Scales Input Table'!$A$2:$I$120,9,FALSE) -> 599 | F118: =IF(E118>0,"Yes","No") -> Yes
A119: 4:30PM | B119: M | C119: 44 | D119: =VLOOKUP(C119,'Scales Input Table'!$A$2:$I$120,2,FALSE) -> IPN - UPIITA | E119: =VLOOKUP(C119,'Scales Input Table'!$A$2:$I$120,9,FALSE) -> 563 | F119: =IF(E119>0,"Yes","No") -> Yes
A120: 4:30PM | B120: N | C120: 25 | D120: =VLOOKUP(C120,'Scales Input Table'!$A$2:$I$120,2,FALSE) -> Florida A&M Univ/Florida State Univ | E120: =VLOOKUP(C120,'Scales Input Table'!$A$2:$I$120,9,FALSE) -> 0 | F120: =IF(E120>0,"Yes","No") -> No | G120: No Paddock
A121: 4:30PM | B121: O | C121: 32 | D121: =VLOOKUP(C121,'Scales Input Table'!$A$2:$I$120,2,FALSE) -> Pellissippi State Community College | E121: =VLOOKUP(C121,'Scales Input Table'!$A$2:$I$120,9,FALSE) -> 578 | F121: =IF(E121>0,"Yes","No") -> Yes
G123: =COUNTA(G2:G121) -> 13

Sheet Dropdown sheet - DO NOT EDIT
A1: Fuel | B1: Frame | C1: Aero | D1: Engine Cylinders | E1: Wheel Size | F1: Turbo
A2: FULL | B2: Tube Frame | C2: None | D2: 1 | E2: 10" | F2: No
A3: HALF | B3: Monocoque | C3: Wings Only | D3: 2 | E3: 13" | F3: Yes, Cooler
A4: EMPTY | B4: Hybrid | C4: Tray Only | D4: 3 | E4: Other | F4: Yes, No Cooler
C5: Full Package | D5: 4
D6: >4

Sheet LOOKUP TABLE - DO NOT EDIT
A1: Car Number | B1: School Name | C1: Front % | D1: Front # | E1: Left % | F1: Left # | G1: Car Only | H1: Car w Driver | I1: Fuel Level
A2: ='Scales Input Table'!$A2 -> 1 | B2: ='Scales Input Table'!$B2 -> Universitat Stuttgart | C2: =ROUND('Scales Input Table'!$V2*100,2) -> 50.36 | D2: ='Scales Input Table'!$W2 -> 281 | E2: =ROUND('Scales Input Table'!$X2*100,2) -> 49.82 | F2: ='Scales Input Table'!$Y2 -> 278 | G2: ='Scales Input Table'!$I2 -> 383 | H2: ='Scales Input Table'!$G2 -> 558 | I2: ='Scales Input Table'!$J2 -> HALF
A3: ='Scales Input Table'!$A3 -> 2 | B3: ='Scales Input Table'!$B3 -> Graz Technical Univ | C3: =ROUND('Scales Input Table'!$V3*100,2) -> 45.4 | D3: ='Scales Input Table'!$W3 -> 232 | E3: =ROUND('Scales Input Table'!$X3*100,2) -> 49.71 | F3: ='Scales Input Table'!$Y3 -> 254 | G3: ='Scales Input Table'!$I3 -> 342 | H3: ='Scales Input Table'!$G3 -> 511 | I3: ='Scales Input Table'!$J3 -> HALF
A4: ='Scales Input Table'!$A4 -> 5 | B4: ='Scales Input Table'!$B4 -> Ecole De Technologie Superieure | C4: =ROUND('Scales Input Table'!$V4*100,2) -> 46.61 | D4: ='Scales Input Table'!$W4 -> 220 | E4: =ROUND('Scales Input Table'!$X4*100,2) -> 50 | F4: ='Scales Input Table'!$Y4 -> 236 | G4: ='Scales Input Table'!$I4 -> 325 | H4: ='Scales Input Table'!$G4 -> 472 | I4: ='Scales Input Table'!$J4 -> HALF
A5: ='Scales Input Table'!$A5 -> 6 | B5: ='Scales Input Table'!$B5 -> Univ of Akron | C5: =ROUND('Scales Input Table'!$V5*100,2) -> 52.97 | D5: ='Scales Input Table'!$W5 -> 294 | E5: =ROUND('Scales Input Table'!$X5*100,2) -> 49.37 | F5: ='Scales Input Table'!$Y5 -> 274 | G5: ='Scales Input Table'!$I5 -> 373 | H5: ='Scales Input Table'!$G5 -> 555 | I5: ='Scales Input Table'!$J5 -> HALF
A6: ='Scales Input Table'!$A6 -> 7 | B6: ='Scales Input Table'!$B6 -> Carleton Univ | C6: =ROUND('Scales Input Table'!$V6*100,2) -> 49.03 | D6: ='Scales Input Table'!$W6 -> 254 | E6: =ROUND('Scales Input Table'!$X6*100,2) -> 49.42 | F6: ='Scales Input Table'!$Y6 -> 256 | G6: ='Scales Input Table'!$I6 -> 358 | H6: ='Scales Input Table'!$G6 -> 518 | I6: ='Scales Input Table'!$J6 -> EMPTY
A7: ='Scales Input Table'!$A7 -> 8 | B7: ='Scales Input Table'!$B7 -> Univ of Wisconsin - Madison | C7: =ROUND('Scales Input Table'!$V7*100,2) -> 46.42 | D7: ='Scales Input Table'!$W7 -> 253 | E7: =ROUND('Scales Input Table'!$X7*100,2) -> 50.46 | F7: ='Scales Input Table'!$Y7 -> 275 | G7: ='Scales Input Table'!$I7 -> 363 | H7: ='Scales Input Table'!$G7 -> 545 | I7: ='Scales Input Table'!$J7 -> EMPTY
A8: ='Scales Input Table'!$A8 -> 9 | B8: ='Scales Input Table'!$B8 -> Univ of Michigan - Ann Arbor | C8: =ROUND('Scales Input Table'!$V8*100,2) -> 46.75 | D8: ='Scales Input Table'!$W8 -> 288 | E8: =ROUND('Scales Input Table'!$X8*100,2) -> 49.51 | F8: ='Scales Input Table'!$Y8 -> 305 | G8: ='Scales Input Table'!$I8 -> 433 | H8: ='Scales Input Table'!$G8 -> 616 | I8: ='Scales Input Table'!$J8 -> EMPTY
A9: ='Scales Input Table'!$A9 -> 10 | B9: ='Scales Input Table'!$B9 -> AGH Univ of Science and Technology | C9: =ROUND('Scales Input Table'!$V9*100,2) -> 44.37 | D9: ='Scales Input Table'!$W9 -> 260 | E9: =ROUND('Scales Input Table'!$X9*100,2) -> 50 | F9: ='Scales Input Table'!$Y9 -> 293 | G9: ='Scales Input Table'!$I9 -> 427 | H9: ='Scales Input Table'!$G9 -> 586 | I9: ='Scales Input Table'!$J9 -> FULL
A10: ='Scales Input Table'!$A10 -> 11 | B10: ='Scales Input Table'!$B10 -> Michigan State Univ | C10: =ROUND('Scales Input Table'!$V10*100,2) -> 50.08 | D10: ='Scales Input Table'!$W10 -> 300 | E10: =ROUND('Scales Input Table'!$X10*100,2) -> 50.25 | F10: ='Scales Input Table'!$Y10 -> 301 | G10: ='Scales Input Table'!$I10 -> 427 | H10: ='Scales Input Table'!$G10 -> 599 | I10: ='Scales Input Table'!$J10 -> HALF
A11: ='Scales Input Table'!$A11 -> 12 | B11: ='Scales Input Table'!$B11 -> Purdue Univ - W Lafayette | C11: =ROUND('Scales Input Table'!$V11*100,2) -> 50 | D11: ='Scales Input Table'!$W11 -> 306 | E11: =ROUND('Scales Input Table'!$X11*100,2) -> 50.33 | F11: ='Scales Input Table'!$Y11 -> 308 | G11: ='Scales Input Table'!$I11 -> 455 | H11: ='Scales Input Table'!$G11 -> 612 | I11: ='Scales Input Table'!$J11 -> HALF
A12: ='Scales Input Table'!$A12 -> 14 | B12: ='Scales Input Table'!$B12 -> Ecole Polytechnique Montreal | C12: =ROUND('Scales Input Table'!$V12*100,2) -> 50.57 | D12: ='Scales Input Table'!$W12 -> 310 | E12: =ROUND('Scales Input Table'!$X12*100,2) -> 49.92 | F12: ='Scales Input Table'!$Y12 -> 306 | G12: ='Scales Input Table'!$I12 -> 410 | H12: ='Scales Input Table'!$G12 -> 613 | I12: ='Scales Input Table'!$J12 -> EMPTY
A13: ='Scales Input Table'!$A13 -> 16 | B13: ='Scales Input Table'!$B13 -> Kookmin Univ | C13: =ROUND('Scales Input Table'!$V13*100,2) -> 48.14 | D13: ='Scales Input Table'!$W13 -> 284 | E13: =ROUND('Scales Input Table'!$X13*100,2) -> 49.66 | F13: ='Scales Input Table'!$Y13 -> 293 | G13: ='Scales Input Table'!$I13 -> 463 | H13: ='Scales Input Table'!$G13 -> 590 | I13: ='Scales Input Table'!$J13 -> EMPTY
... A120: ='Scales Input Table'!$A120 -> 0 | B120: ='Scales Input Table'!$B120 -> 0 | C120: =ROUND('Scales Input Table'!$V120*100,2) -> #VALUE! | D120: ='Scales Input Table'!$W120 -> 0 | E120: =ROUND('Scales Input Table'!$X120*100,2) -> #VALUE! | F120: ='Scales Input Table'!$Y120 -> 0 | G120: ='Scales Input Table'!$I120 -> 0 | H120: ='Scales Input Table'!$G120 -> 0 | I120: ='Scales Input Table'!$J120 -> 0

Sheet Summary Statistics and Graphs
A1: ALL CARS | C1: Car Only | E1: Front % | F1: Left %
A2: Mean | C2: ='Scales Input Table'!I124 -> 456.4717 | E2: ='Scales Input Table'!V124 -> 0.49213796 | F2: ='Scales Input Table'!X124 -> 0.49987771
A3: SD | C3: ='Scales Input Table'!I125 -> 65.733837 | E3: ='Scales Input Table'!V125 -> 0.024713997 | F3: ='Scales Input Table'!X125 -> 0.0052255247
A4: Max | C4: ='Scales Input Table'!I126 -> 712 | E4: ='Scales Input Table'!V126 -> 0.55 | F4: ='Scales Input Table'!X126 -> 0.51342812
A5: Min | C5: ='Scales Input Table'!I127 -> 323 | E5: ='Scales Input Table'!V127 -> 0.42857143 | F5: ='Scales Input Table'!X127 -> 0.48403361
A6: 0.95 | C6: ='Scales Input Table'!I128 -> 564.3 | E6: ='Scales Input Table'!V128 -> 0.53963919 | F6: ='Scales Input Table'!X128 -> 0.50862812
A7: 0.05 | C7: ='Scales Input Table'!I129 -> 343.7 | E7: ='Scales Input Table'!V129 -> 0.44395146 | F7: ='Scales Input Table'!X129 -> 0.49224503
A9: # singles | C9: =COUNTIF('Scales Input Table'!$M$2:$M$120,1) -> 23
A10: # twin | C10: =COUNTIF('Scales Input Table'!$M$2:$M$120,2) -> 8
A11: # triple | C11: =COUNTIF('Scales Input Table'!$M$2:$M$120,3) -> 2
A12: # fours | C12: =COUNTIF('Scales Input Table'!$M$2:$M$120,4) -> 73
A14: 450cc or less | C14: =COUNTIF('Scales Input Table'!$N$2:$N$120,"<451") -> 20
A15: 451cc to 610cc | C15: =COUNTIFS('Scales Input Table'!$N$2:$N$120,">450",'Scales Input Table'!$N$2:$N$120,"<611") -> 78
A16: more than 611cc | C16: =COUNTIF('Scales Input Table'!$N$2:$N$120,">610") -> 8
A18: Singles | E18: Full Aero | I18: 10"
A19: Mean | C19: =AVERAGEIF('Scales Input Table'!$M$2:$M$120,"=1",'Scales Input Table'!$I$2:$I$120) -> 389.3913 | E19: Mean | G19: =AVERAGEIF('Scales Input Table'!$Q$2:$Q$120,"Full Package",'Scales Input Table'!$I$2:$I$120) -> 447.07143 | I19: Mean | K19: =AVERAGEIF('Scales Input Table'!$R$2:$R$120,"=10""",'Scales Input Table'!$I$2:$I$120) -> 440.0875
A21: Twins | E21: Wings Only | I21: 13"
A22: Mean | C22: =AVERAGEIF('Scales Input Table'!$M$2:$M$120,"=2",'Scales Input Table'!$I$2:$I$120) -> 444.625 | E22: Mean | G22: =AVERAGEIF('Scales Input Table'!$Q$2:$Q$120,"Wings Only",'Scales Input Table'!$I$2:$I$120) -> 443.48 | I22: Mean | K22: =AVERAGEIF('Scales Input Table'!$R$2:$R$120,"=13""",'Scales Input Table'!$I$2:$I$120) -> 506.88462
A24: Triple | E24: Tray Only
A25: Mean | C25: =AVERAGEIF('Scales Input Table'!$M$2:$M$120,"=3",'Scales Input Table'!$I$2:$I$120) -> 492 | E25: Mean | G25: =AVERAGEIF('Scales Input Table'!$Q$2:$Q$120,"Tray Only",'Scales Input Table'!$I$2:$I$120) -> 482.83333
A27: Fours | E27: No Aero
A28: Mean | C28: =AVERAGEIF('Scales Input Table'!$M$2:$M$120,"=4",'Scales Input Table'!$I$2:$I$120) -> 477.93151 | E28: Mean | G28: =AVERAGEIF('Scales Input Table'!$Q$2:$Q$120,"None",'Scales Input Table'!$I$2:$I$120) -> 473.48485

Sheet Sheet4
A1: Car Number | B1: School Name | C1: Front Left | D1: Front Right | E1: Rear Left | F1: Rear Right | G1: Car w/Driver | H1: VOID | I1: Car Only | J1: Fuel Level | K1: VOID2 | L1: Driver Weight | M1: Engine Cylinders
B2: SD Weight (all cars) | G2: =STDEV(#REF!) -> #REF! | I2: =STDEV(#REF!) -> #REF!
A3: =COUNT(A1:A1) -> 0 | B3: TOTAL NUMBER OF CARS SCALED | G3: =COUNT(G1:G1) -> 0 | I3: =COUNT(I1:I1) -> 0
A4: 33 | B4: Oregon State Univ | C4: 104 | D4: 147 | E4: 162 | F4: 122 | G4: 533 | I4: 323 | J4: EMPTY | L4: =IF($G4="","",$G4-$I4) -> 210 | M4: 1
B5: Min Weight (all cars) | G5: =MIN(#REF!) -> #REF! | I5: =MIN(#REF!) -> #REF!
A6: 5 | B6: Ecole De Technologie Superieure | C6: 113 | D6: 107 | E6: 123 | F6: 130 | G6: 472 | I6: 325 | J6: HALF | L6: =IF($G6="","",$G6-$I6) -> 147 | M6: 1
A7: 65 | B7: Lehigh Univ | C7: 111 | D7: 133 | E7: 137 | F7: 119 | G7: 499 | I7: 333 | J7: EMPTY | L7: =IF($G7="","",$G7-$I7) -> 166 | M7: 1
A8: 2 | B8: Graz Technical Univ | C8: 102 | D8: 130 | E8: 152 | F8: 128 | G8: 511 | I8: 342 | J8: HALF | L8: =IF($G8="","",$G8-$I8) -> 169 | M8: 1
A9: 106 | B9: Kettering Univ | C9: 66 | D9: 152 | E9: 183 | F9: 102 | G9: 503 | I9: 343 | J9: HALF | L9: =IF($G9="","",$G9-$I9) -> 160 | M9: 1
B10: 5% Weight (all cars) | G10: =_xlfn.PERCENTILE.EXC(G1:G1,0.05) -> #NUM! | I10: =_xlfn.PERCENTILE.EXC(I1:I1,0.05) -> #NUM!
A11: 89 | B11: Tennessee Tech Univ | C11: 116 | D11: 141 | E11: 142 | F11: 115 | G11: 514 | I11: 345 | J11: EMPTY | L11: =IF($G11="","",$G11-$I11) -> 169 | M11: 2
A12: 7 | B12: Carleton Univ | C12: 119 | D12: 135 | E12: 137 | F12: 125 | G12: 518 | I12: 358 | J12: EMPTY | L12: =IF($G12="","",$G12-$I12) -> 160 | M12: 1
A13: 8 | B13: Univ of Wisconsin - Madison | C13: 127 | D13: 126 | E13: 148 | F13: 144 | G13: 545 | I13: 363 | J13: EMPTY | L13: =IF($G13="","",$G13-$I13) -> 182 | M13: 1
A14: 84 | B14: Univ of Toronto | C14: 127 | D14: 140 | E14: 133 | F14: 123 | G14: 524 | I14: 364 | J14: EMPTY | L14: =IF($G14="","",$G14-$I14) -> 160 | M14: 1
A15: 55 | B15: Rutgers Univ | C15: 107 | D15: 140 | E15: 144 | F15: 107 | G15: 498 | I15: 368 | J15: HALF | L15: =IF($G15="","",$G15-$I15) -> 130 | M15: 1
A16: 113 | B16: Dalhousie Univ | C16: 125 | D16: 134 | E16: 141 | F16: 134 | G16: 534 | I16: 370 | J16: EMPTY | L16: =IF($G16="","",$G16-$I16) -> 164 | M16: 1
A17: 6 | B17: Univ of Akron | C17: 142 | D17: 152 | E17: 132 | F17: 129 | G17: 555 | I17: 373 | J17: HALF | L17: =IF($G17="","",$G17-$I17) -> 182 | M17: 1
A18: 43 | B18: Minnesota State University - Mankato | C18: 128 | D18: 136 | E18: 137 | F18: 137 | G18: 538 | I18: 375 | J18: EMPTY | L18: =IF($G18="","",$G18-$I18) -> 163 | M18: 1
A19: 80 | B19: Virginia Tech | C19: 124 | D19: 156 | E19: 168 | F19: 136 | G19: 583 | I19: 377 | J19: HALF | L19: =IF($G19="","",$G19-$I19) -> 206 | M19: 1
A20: 1 | B20: Universitat Stuttgart | C20: 120 | D20: 161 | E20: 158 | F20: 119 | G20: 558 | I20: 383 | J20: HALF | L20: =IF($G20="","",$G20-$I20) -> 175 | M20: 4
A21: 24 | B21: Univ of Toledo | C21: 124 | D21: 144 | E21: 138 | F21: 132 | G21: 538 | I21: 386 | J21: EMPTY | L21: =IF($G21="","",$G21-$I21) -> 152 | M21: 1
A22: 58 | B22: Kennesaw State University | C22: 141 | D22: 145 | E22: 122 | F22: 119 | G22: 527 | I22: 390 | J22: HALF | L22: =IF($G22="","",$G22-$I22) -> 137 | M22: 4
... A59: 26 | B59: Purdue Univ - Northwest | C59: 175 | D59: 166 | E59: 136 | F59: 143 | G59: 620 | I59: 456 | J59: HALF | L59: =IF($G59="","",$G59-$I59) -> 164 | M59: 4
B60: Mean Weight (all cars) | G60: =AVERAGE(G1:G56) -> #REF! | I60: =AVERAGE(I1:I56) -> #REF!
A61: 81 | B61: Northwestern Univ | C61: 153 | D61: 155 | E61: 157 | F61: 159 | G61: 623 | I61: 458 | J61: HALF | L61: =IF($G61="","",$G61-$I61) -> 165 | M61: 4
A62: 66 | B62: Univ of Waterloo | C62: 122 | D62: 198 | E62: 198 | F62: 118 | G62: 636 | I62: 460 | J62: HALF | L62: =IF($G62="","",$G62-$I62) -> 176 | M62: 4
A63: 139 | B63: CEFET-MG | C63: 143 | D63: 161 | E63: 162 | F63: 147 | G63: 614 | I63: 461 | J63: EMPTY | L63: =IF($G63="","",$G63-$I63) -> 153 | M63: 4
A64: 36 | B64: Missouri University of Science and Tech | C64: 143 | D64: 182 | E64: 175 | F64: 142 | G64: 640 | I64: 462 | J64: HALF | L64: =IF($G64="","",$G64-$I64) -> 178 | M64: 4
A65: 16 | B65: Kookmin Univ | C65: 119 | D65: 165 | E65: 174 | F65: 131 | G65: 590 | I65: 463 | J65: EMPTY | L65: =IF($G65="","",$G65-$I65) -> 127 | M65: 4
A66: 101 | B66: Mississippi State Univ | C66: 166 | D66: 130 | E66: 138 | F66: 165 | G66: 600 | I66: 463 | J66: HALF | L66: =IF($G66="","",$G66-$I66) -> 137 | M66: 2
A67: 109 | B67: US Air Force Academy | C67: 143 | D67: 182 | E67: 178 | F67: 149 | G67: 652 | I67: 464 | J67: FULL | L67: =IF($G67="","",$G67-$I67) -> 188 | M67: 1
A68: 124 | B68: Univ of Nebraska - Lincoln | C68: 155 | D68: 145 | E68: 165 | F68: 169 | G68: 634 | I68: 464 | J68: HALF | L68: =IF($G68="","",$G68-$I68) -> 170 | M68: 4
A69: 93 | B69: Universite Du Quebec a Trois-Rivieres | C69: 134 | D69: 160 | E69: 170 | F69: 147 | G69: 611 | I69: 465 | J69: EMPTY | L69: =IF($G69="","",$G69-$I69) -> 146 | M69: 4
A70: 110 | B70: US Naval Academy | C70: 138 | D70: 180 | E70: 190 | F70: 161 | G70: 673 | I70: 465 | J70: EMPTY | L70: =IF($G70="","",$G70-$I70) -> 208 | M70: 2
A71: 126 | B71: Univ of Kansas - Lawrence | C71: 122 | D71: 159 | E71: 189 | F71: 144 | G71: 614 | I71: 465 | J71: EMPTY | L71: =IF($G71="","",$G71-$I71) -> 149 | M71: 4
A72: 19 | B72: North Carolina State Univ - Raleigh | C72: 143 | D72: 165 | E72: 165 | F72: 153 | G72: 625 | I72: 466 | J72: EMPTY | L72: =IF($G72="","",$G72-$I72) -> 159 | M72: 4
... A91: 122 | B91: Florida Atlantic Univ | C91: 147 | D91: 175 | E91: 188 | F91: 156 | G91: 667 | I91: 491 | J91: FULL | L91: =IF($G91="","",$G91-$I91) -> 176 | M91: 4
A92: 108 | B92: Colorado Mesa University | C92: 162 | D92: 172 | E92: 166 | F92: 147 | G92: 647 | I92: 498 | J92: HALF | M92: 4
A93: 51 | B93: Universidad Simon Bolivar | C93: 141 | D93: 155 | E93: 179 | F93: 165 | G93: 639 | I93: 499 | J93: EMPTY | L93: =IF($G93="","",$G93-$I93) -> 140 | M93: 4
A94: 117 | B94: Columbia Univ | C94: 158 | D94: 172 | E94: 184 | F94: 175 | G94: 688 | I94: 500 | J94: EMPTY | L94: =IF($G94="","",$G94-$I94) -> 188 | M94: 4
A95: 54 | B95: Michigan Tech Univ | C95: 179 | D95: 190 | E95: 157 | F95: 155 | G95: 681 | I95: 503 | J95: EMPTY | L95: =IF($G95="","",$G95-$I95) -> 178 | M95: 2
A96: 17 | B96: Bradley Univ | C96: 176 | D96: 165 | E96: 169 | F96: 165 | G96: 674 | I96: 511 | J96: EMPTY | L96: =IF($G96="","",$G96-$I96) -> 163 | M96: 2
A97: 42 | B97: Univ of Kentucky | C97: 173 | D97: 169 | E97: 176 | F97: 172 | G97: 690 | I97: 524 | J97: HALF | L97: =IF($G97="","",$G97-$I97) -> 166 | M97: 4
A98: 49 | B98: Univ of Louisiana - Lafayette | C98: 170 | D98: 183 | E98: 186 | F98: 171 | G98: 710 | I98: 533 | J98: HALF | L98: =IF($G98="","",$G98-$I98) -> 177 | M98: 4
A99: 20 | B99: Florida Inst of Tech | C99: 163 | D99: 186 | E99: 193 | F99: 181 | G99: 723 | I99: 536 | J99: HALF | L99: =IF($G99="","",$G99-$I99) -> 187 | M99: 4
A100: 70 | B100: Penn State Univ - Harrisburg | C100: 153 | D100: 177 | E100: 187 | F100: 160 | G100: 678 | I100: 536 | J100: HALF | L100: =IF($G100="","",$G100-$I100) -> 142 | M100: 4
A101: 111 | B101: Lakehead Univ | C101: 149 | D101: 181 | E101: 185 | F101: 156 | G101: 672 | I101: 545 | J101: FULL | L101: =IF($G101="","",$G101-$I101) -> 127 | M101: 4
A102: 41 | B102: Grand Valley State Univ | C102: 183 | D102: 206 | E102: 183 | F102: 162 | G102: 734 | I102: 547 | J102: EMPTY | L102: =IF($G102="","",$G102-$I102) -> 187 | M102: 4
A103: 35 | B103: Kansas State Univ | C103: 158 | D103: 182 | E103: 189 | F103: 176 | G103: 705 | I103: 549 | J103: HALF | L103: =IF($G103="","",$G103-$I103) -> 156 | M103: 3
A104: 102 | B104: Lawrence Technological Univ | C104: 199 | D104: 172 | E104: 169 | F104: 188 | G104: 729 | I104: 549 | J104: EMPTY | L104: =IF($G104="","",$G104-$I104) -> 180 | M104: 4
... A107: 44 | B107: IPN - UPIITA | C107: 159 | D107: 226 | E107: 205 | F107: 136 | G107: 725 | I107: 563 | J107: HALF | L107: =IF($G107="","",$G107-$I107) -> 162 | M107: 4
B108: 95% Weight (all cars) | G108: =_xlfn.PERCENTILE.EXC(G1:G100,0.95) -> #REF! | I108: =_xlfn.PERCENTILE.EXC(I1:I100,0.95) -> #REF!
A109: 83 | B109: Univ of British Columbia - Okanagan | C109: 153 | D109: 204 | E109: 210 | F109: 154 | G109: 722 | I109: 565 | J109: EMPTY | L109: =IF($G109="","",$G109-$I109) -> 157 | M109: 4
A110: 32 | B110: Pellissippi State Community College | C110: 197 | D110: 210 | E110: 184 | F110: 171 | G110: 762 | I110: 578 | J110: HALF | L110: =IF($G110="","",$G110-$I110) -> 184 | M110: 4
A111: 76 | B111: Hope College | C111: 188 | D111: 202 | E111: 181 | F111: 167 | G111: 739 | I111: 599 | J111: EMPTY | L111: =IF($G111="","",$G111-$I111) -> 140 | M111: 4
A112: 114 | B112: Binghamton Univ | C112: 162 | D112: 217 | E112: 245 | F112: 183 | G112: 805 | I112: 661 | J112: EMPTY | L112: =IF($G112="","",$G112-$I112) -> 144 | M112: 4
A113: 131 | B113: Polytechnic Univ of Puerto Rico | C113: 194 | D113: 274 | E113: 260 | F113: 170 | G113: 898 | I113: 712 | J113: EMPTY | L113: =IF($G113="","",$G113-$I113) -> 186 | M113: 4
B114: Max Weight (all cars) | G114: =MAX(G1:G108) -> #REF! | I114: =MAX(I1:I108) -> #REF!
A115: 25 | B115: Florida A&M Univ/Florida State Univ | L115: =IF($G115="","",$G115-$I115)
A116: 48 | B116: Vaughn College of Aeronautics | L116: =IF($G116="","",$G116-$I116)
A117: 61 | B117: Queen's Univ | L117: =IF($G117="","",$G117-$I117)
A118: 95 | B118: Univ of Louisville | L118: =IF($G118="","",$G118-$I118)
A119: 112 | B119: Alabama A & M Univ | L119: =IF($G119="","",$G119-$I119)
A120: 116 | B120: West Virginia Univ | L120: =IF($G120="","",$G120-$I120)
A121: 120 | B121: Universidad Autonoma Estado Mexico | L121: =IF($G121="","",$G121-$I121)
L122: =IF($G122="","",$G122-$I122)
L123: =IF($G123="","",$G123-$I123)
L124: =IF($G124="","",$G124-$I124)
L125: =IF($G125="","",$G125-$I125)
L126: =IF($G126="","",$G126-$I126)
L127: =IF($G127="","",$G127-$I127)

Sheet Export Sheet
A1: Car Number | B1: School Name | C1: Car Only | D1: Front % | E1: Left % | F1: Engine Cylinders | G1: Engine Disp (cc) | H1: Turbo | I1: Frame | J1: Aerodynamic Package | K1: Wheel Diameter | L1: Wheelbase | M1: Design Queue | N1: Design Time
A2: 1 | B2: Universitat Stuttgart | C2: =IF('Scales Input Table'!T2>0,'Scales Input Table'!T2,"") -> 173.72574 | D2: ='Scales Input Table'!V2 -> 0.50358423 | E2: ='Scales Input Table'!X2 -> 0.49820789 | F2: =IF('Scales Input Table'!M2>0,'Scales Input Table'!M2,"") -> 4 | G2: =IF('Scales Input Table'!N2>0,'Scales Input Table'!N2,"") -> 599 | H2: =IF('Scales Input Table'!O2>0,'Scales Input Table'!O2,"") -> No | I2: =IF('Scales Input Table'!P2>0,'Scales Input Table'!P2,"") -> Hybrid | J2: =IF('Scales Input Table'!Q2>0,'Scales Input Table'!Q2,"") -> Full Package | K2: =IF('Scales Input Table'!R2>0,'Scales Input Table'!R2,"") -> 10" | L2: =IF('Scales Input Table'!S2>0,'Scales Input Table'!S2,"") -> 64.173228 | M2: =_xlfn.XLOOKUP(Table2[[#This Row],[Car Number]],'Design Schedule'!$C$2:$C$121,'Design Schedule'!$B$2:$B$121) -> H | N2: =_xlfn.XLOOKUP(Table2[[#This Row],[Car Number]],'Design Schedule'!$C$2:$C$121,'Design Schedule'!$A$2:$A$121) -> 8:30AM
A3: 2 | B3: Graz Technical Univ | C3: =IF('Scales Input Table'!T3>0,'Scales Input Table'!T3,"") -> 155.12846 | D3: ='Scales Input Table'!V3 -> 0.45401174 | E3: ='Scales Input Table'!X3 -> 0.49706458 | F3: =IF('Scales Input Table'!M3>0,'Scales Input Table'!M3,"") -> 1 | G3: =IF('Scales Input Table'!N3>0,'Scales Input Table'!N3,"") -> 510 | H3: =IF('Scales Input Table'!O3>0,'Scales Input Table'!O3,"") -> No | I3: =IF('Scales Input Table'!P3>0,'Scales Input Table'!P3,"") -> Monocoque | J3: =IF('Scales Input Table'!Q3>0,'Scales Input Table'!Q3,"") -> Full Package | K3: =IF('Scales Input Table'!R3>0,'Scales Input Table'!R3,"") -> 10" | L3: =IF('Scales Input Table'!S3>0,'Scales Input Table'!S3,"") -> 61.023622 | M3: =_xlfn.XLOOKUP(Table2[[#This Row],[Car Number]],'Design Schedule'!$C$2:$C$121,'Design Schedule'!$B$2:$B$121) -> B | N3: =_xlfn.XLOOKUP(Table2[[#This Row],[Car Number]],'Design Schedule'!$C$2:$C$121,'Design Schedule'!$A$2:$A$121) -> 9:30AM
A4: 5 | B4: Ecole De Technologie Superieure | C4: =IF('Scales Input Table'!T4>0,'Scales Input Table'!T4,"") -> 147.4174 | D4: ='Scales Input Table'!V4 -> 0.46610169 | E4: ='Scales Input Table'!X4 -> 0.5 | F4: =IF('Scales Input Table'!M4>0,'Scales Input Table'!M4,"") -> 1 | G4: =IF('Scales Input Table'!N4>0,'Scales Input Table'!N4,"") -> 449 | H4: =IF('Scales Input Table'!O4>0,'Scales Input Table'!O4,"") -> Yes, No Cooler | I4: =IF('Scales Input Table'!P4>0,'Scales Input Table'!P4,"") -> Monocoque | J4: =IF('Scales Input Table'!Q4>0,'Scales Input Table'!Q4,"") -> Wings Only | K4: =IF('Scales Input Table'!R4>0,'Scales Input Table'!R4,"") -> 10" | L4: =IF('Scales Input Table'!S4>0,'Scales Input Table'!S4,"") -> 60.25 | M4: =_xlfn.XLOOKUP(Table2[[#This Row],[Car Number]],'Design Schedule'!$C$2:$C$121,'Design Schedule'!$B$2:$B$121) -> D | N4: =_xlfn.XLOOKUP(Table2[[#This Row],[Car Number]],'Design Schedule'!$C$2:$C$121,'Design Schedule'!$A$2:$A$121) -> 8:30AM
A5: 6 | B5: Univ of Akron | C5: =IF('Scales Input Table'!T5>0,'Scales Input Table'!T5,"") -> 169.18982 | D5: ='Scales Input Table'!V5 -> 0.52972973 | E5: ='Scales Input Table'!X5 -> 0.49369369 | F5: =IF('Scales Input Table'!M5>0,'Scales Input Table'!M5,"") -> 1 | G5: =IF('Scales Input Table'!N5>0,'Scales Input Table'!N5,"") -> 450 | H5: =IF('Scales Input Table'!O5>0,'Scales Input Table'!O5,"") -> No | I5: =IF('Scales Input Table'!P5>0,'Scales Input Table'!P5,"") -> Hybrid | J5: =IF('Scales Input Table'!Q5>0,'Scales Input Table'!Q5,"") -> Full Package | K5: =IF('Scales Input Table'!R5>0,'Scales Input Table'!R5,"") -> 13" | L5: =IF('Scales Input Table'!S5>0,'Scales Input Table'!S5,"") -> 60.2 | M5: =_xlfn.XLOOKUP(Table2[[#This Row],[Car Number]],'Design Schedule'!$C$2:$C$121,'Design Schedule'!$B$2:$B$121) -> L | N5: =_xlfn.XLOOKUP(Table2[[#This Row],[Car Number]],'Design Schedule'!$C$2:$C$121,'Design Schedule'!$A$2:$A$121) -> 8:30AM
A6: 7 | B6: Carleton Univ | C6: =IF('Scales Input Table'!T6>0,'Scales Input Table'!T6,"") -> 162.38594 | D6: ='Scales Input Table'!V6 -> 0.49034749 | E6: ='Scales Input Table'!X6 -> 0.49420849 | F6: =IF('Scales Input Table'!M6>0,'Scales Input Table'!M6,"") -> 1 | G6: =IF('Scales Input Table'!N6>0,'Scales Input Table'!N6,"") -> 450 | H6: =IF('Scales Input Table'!O6>0,'Scales Input Table'!O6,"") -> No | I6: =IF('Scales Input Table'!P6>0,'Scales Input Table'!P6,"") -> Tube Frame | J6: =IF('Scales Input Table'!Q6>0,'Scales Input Table'!Q6,"") -> Full Package | K6: =IF('Scales Input Table'!R6>0,'Scales Input Table'!R6,"") -> 10" | L6: =IF('Scales Input Table'!S6>0,'Scales Input Table'!S6,"") -> 61 | M6: =_xlfn.XLOOKUP(Table2[[#This Row],[Car Number]],'Design Schedule'!$C$2:$C$121,'Design Schedule'!$B$2:$B$121) -> I | N6: =_xlfn.XLOOKUP(Table2[[#This Row],[Car Number]],'Design Schedule'!$C$2:$C$121,'Design Schedule'!$A$2:$A$121) -> 1:30PM
A7: 8 | B7: Univ of Wisconsin - Madison | C7: =IF('Scales Input Table'!T7>0,'Scales Input Table'!T7,"") -> 164.6539 | D7: ='Scales Input Table'!V7 -> 0.46422018 | E7: ='Scales Input Table'!X7 -> 0.50458716 | F7: =IF('Scales Input Table'!M7>0,'Scales Input Table'!M7,"") -> 1 | G7: =IF('Scales Input Table'!N7>0,'Scales Input Table'!N7,"") -> 449 | H7: =IF('Scales Input Table'!O7>0,'Scales Input Table'!O7,"") -> Yes, No Cooler | I7: =IF('Scales Input Table'!P7>0,'Scales Input Table'!P7,"") -> Hybrid | J7: =IF('Scales Input Table'!Q7>0,'Scales Input Table'!Q7,"") -> Wings Only | K7: =IF('Scales Input Table'!R7>0,'Scales Input Table'!R7,"") -> 10" | L7: =IF('Scales Input Table'!S7>0,'Scales Input Table'!S7,"") -> 63 | M7: =_xlfn.XLOOKUP(Table2[[#This Row],[Car Number]],'Design Schedule'!$C$2:$C$121,'Design Schedule'!$B$2:$B$121) -> J | N7: =_xlfn.XLOOKUP(Table2[[#This Row],[Car Number]],'Design Schedule'!$C$2:$C$121,'Design Schedule'!$A$2:$A$121) -> 8:30AM
A8: 9 | B8: Univ of Michigan - Ann Arbor | C8: =IF('Scales Input Table'!T8>0,'Scales Input Table'!T8,"") -> 196.40534 | D8: ='Scales Input Table'!V8 -> 0.46753247 | E8: ='Scales Input Table'!X8 -> 0.49512987 | F8: =IF('Scales Input Table'!M8>0,'Scales Input Table'!M8,"") -> 4 | G8: =IF('Scales Input Table'!N8>0,'Scales Input Table'!N8,"") -> 599 | H8: =IF('Scales Input Table'!O8>0,'Scales Input Table'!O8,"") -> Yes, No Cooler | I8: =IF('Scales Input Table'!P8>0,'Scales Input Table'!P8,"") -> Hybrid | J8: =IF('Scales Input Table'!Q8>0,'Scales Input Table'!Q8,"") -> Full Package | K8: =IF('Scales Input Table'!R8>0,'Scales Input Table'!R8,"") -> 10" | L8: =IF('Scales Input Table'!S8>0,'Scales Input Table'!S8,"") -> 61 | M8: =_xlfn.XLOOKUP(Table2[[#This Row],[Car Number]],'Design Schedule'!$C$2:$C$121,'Design Schedule'!$B$2:$B$121) -> I | N8: =_xlfn.XLOOKUP(Table2[[#This Row],[Car Number]],'Design Schedule'!$C$2:$C$121,'Design Schedule'!$A$2:$A$121) -> 9:30AM
A9: 10 | B9: AGH Univ of Science and Technology | C9: =IF('Scales Input Table'!T9>0,'Scales Input Table'!T9,"") -> 193.68378 | D9: ='Scales Input Table'!V9 -> 0.44368601 | E9: ='Scales Input Table'!X9 -> 0.5 | F9: =IF('Scales Input Table'!M9>0,'Scales Input Table'!M9,"") -> 4 | G9: =IF('Scales Input Table'!N9>0,'Scales Input Table'!N9,"") -> 599 | H9: =IF('Scales Input Table'!O9>0,'Scales Input Table'!O9,"") -> No | I9: =IF('Scales Input Table'!P9>0,'Scales Input Table'!P9,"") -> Tube Frame | J9: =IF('Scales Input Table'!Q9>0,'Scales Input Table'!Q9,"") -> Wings Only | K9: =IF('Scales Input Table'!R9>0,'Scales Input Table'!R9,"") -> 10" | L9: =IF('Scales Input Table'!S9>0,'Scales Input Table'!S9,"") -> 61.417323 | M9: =_xlfn.XLOOKUP(Table2[[#This Row],[Car Number]],'Design Schedule'!$C$2:$C$121,'Design Schedule'!$B$2:$B$121) -> C | N9: =_xlfn.XLOOKUP(Table2[[#This Row],[Car Number]],'Design Schedule'!$C$2:$C$121,'Design Schedule'!$A$2:$A$121) -> 10:30AM
A10: 11 | B10: Michigan State Univ | C10: =IF('Scales Input Table'!T10>0,'Scales Input Table'!T10,"") -> 193.68378 | D10: ='Scales Input Table'!V10 -> 0.50083472 | E10: ='Scales Input Table'!X10 -> 0.50250417 | F10: =IF('Scales Input Table'!M10>0,'Scales Input Table'!M10,"") -> 4 | G10: =IF('Scales Input Table'!N10>0,'Scales Input Table'!N10,"") -> 599 | H10: =IF('Scales Input Table'!O10>0,'Scales Input Table'!O10,"") -> No | I10: =IF('Scales Input Table'!P10>0,'Scales Input Table'!P10,"") -> Hybrid | J10: =IF('Scales Input Table'!Q10>0,'Scales Input Table'!Q10,"") -> Full Package | K10: =IF('Scales Input Table'!R10>0,'Scales Input Table'!R10,"") -> 10" | L10: =IF('Scales Input Table'!S10>0,'Scales Input Table'!S10,"") -> 60.5 | M10: =_xlfn.XLOOKUP(Table2[[#This Row],[Car Number]],'Design Schedule'!$C$2:$C$121,'Design Schedule'!$B$2:$B$121) -> F | N10: =_xlfn.XLOOKUP(Table2[[#This Row],[Car Number]],'Design Schedule'!$C$2:$C$121,'Design Schedule'!$A$2:$A$121) -> 9:30AM
A11: 12 | B11: Purdue Univ - W Lafayette | C11: =IF('Scales Input Table'!T11>0,'Scales Input Table'!T11,"") -> 206.38436 | D11: ='Scales Input Table'!V11 -> 0.5 | E11: ='Scales Input Table'!X11 -> 0.50326797 | F11: =IF('Scales Input Table'!M11>0,'Scales Input Table'!M11,"") -> 4 | G11: =IF('Scales Input Table'!N11>0,'Scales Input Table'!N11,"") -> 599 | H11: =IF('Scales Input Table'!O11>0,'Scales Input Table'!O11,"") -> No | I11: =IF('Scales Input Table'!P11>0,'Scales Input Table'!P11,"") -> Tube Frame | J11: =IF('Scales Input Table'!Q11>0,'Scales Input Table'!Q11,"") -> Full Package | K11: =IF('Scales Input Table'!R11>0,'Scales Input Table'!R11,"") -> 10" | L11: =IF('Scales Input Table'!S11>0,'Scales Input Table'!S11,"") -> 61 | M11: =_xlfn.XLOOKUP(Table2[[#This Row],[Car Number]],'Design Schedule'!$C$2:$C$121,'Design Schedule'!$B$2:$B$121) -> O | N11: =_xlfn.XLOOKUP(Table2[[#This Row],[Car Number]],'Design Schedule'!$C$2:$C$121,'Design Schedule'!$A$2:$A$121) -> 10:30AM
A12: 14 | B12: Ecole Polytechnique Montreal | C12: =IF('Scales Input Table'!T12>0,'Scales Input Table'!T12,"") -> 185.97272 | D12: ='Scales Input Table'!V12 -> 0.50570962 | E12: ='Scales Input Table'!X12 -> 0.49918434 | F12: =IF('Scales Input Table'!M12>0,'Scales Input Table'!M12,"") -> 1 | G12: =IF('Scales Input Table'!N12>0,'Scales Input Table'!N12,"") -> 449 | H12: =IF('Scales Input Table'!O12>0,'Scales Input Table'!O12,"") -> No | I12: =IF('Scales Input Table'!P12>0,'Scales Input Table'!P12,"") -> Tube Frame | J12: =IF('Scales Input Table'!Q12>0,'Scales Input Table'!Q12,"") -> Wings Only | K12: =IF('Scales Input Table'!R12>0,'Scales Input Table'!R12,"") -> 10" | L12: =IF('Scales Input Table'!S12>0,'Scales Input Table'!S12,"") -> 62.165354 | M12: =_xlfn.XLOOKUP(Table2[[#This Row],[Car Number]],'Design Schedule'!$C$2:$C$121,'Design Schedule'!$B$2:$B$121) -> G | N12: =_xlfn.XLOOKUP(Table2[[#This Row],[Car Number]],'Design Schedule'!$C$2:$C$121,'Design Schedule'!$A$2:$A$121) -> 9:30AM
A13: 16 | B13: Kookmin Univ | C13: =IF('Scales Input Table'!T13>0,'Scales Input Table'!T13,"") -> 210.0131 | D13: ='Scales Input Table'!V13 -> 0.48135593 | E13: ='Scales Input Table'!X13 -> 0.49661017 | F13: =IF('Scales Input Table'!M13>0,'Scales Input Table'!M13,"") -> 4 | G13: =IF('Scales Input Table'!N13>0,'Scales Input Table'!N13,"") -> 600 | H13: =IF('Scales Input Table'!O13>0,'Scales Input Table'!O13,"") -> No | I13: =IF('Scales Input Table'!P13>0,'Scales Input Table'!P13,"") -> Hybrid | J13: =IF('Scales Input Table'!Q13>0,'Scales Input Table'!Q13,"") -> Full Package | K13: =IF('Scales Input Table'!R13>0,'Scales Input Table'!R13,"") -> 10" | L13: =IF('Scales Input Table'!S13>0,'Scales Input Table'!S13,"") -> 60.23622 | M13: =_xlfn.XLOOKUP(Table2[[#This Row],[Car Number]],'Design Schedule'!$C$2:$C$121,'Design Schedule'!$B$2:$B$121) -> E | N13: =_xlfn.XLOOKUP(Table2[[#This Row],[Car Number]],'Design Schedule'!$C$2:$C$121,'Design Schedule'!$A$2:$A$121) -> 9:30AM
... A114: 139 | B114: CEFET-MG | C114: =IF('Scales Input Table'!T114>0,'Scales Input Table'!T114,"") -> 209.10591 | D114: ='Scales Input Table'!V114 -> 0.49511401 | E114: ='Scales Input Table'!X114 -> 0.49674267 | F114: =IF('Scales Input Table'!M114>0,'Scales Input Table'!M114,"") -> 4 | G114: =IF('Scales Input Table'!N114>0,'Scales Input Table'!N114,"") -> 599 | H114: =IF('Scales Input Table'!O114>0,'Scales Input Table'!O114,"") -> No | I114: =IF('Scales Input Table'!P114>0,'Scales Input Table'!P114,"") -> Tube Frame | J114: =IF('Scales Input Table'!Q114>0,'Scales Input Table'!Q114,"") -> Full Package | K114: =IF('Scales Input Table'!R114>0,'Scales Input Table'!R114,"") -> 10" | L114: =IF('Scales Input Table'!S114>0,'Scales Input Table'!S114,"") -> 60.629921 | M114: =_xlfn.XLOOKUP(Table2[[#This Row],[Car Number]],'Design Schedule'!$C$2:$C$121,'Design Schedule'!$B$2:$B$121) -> J | N114: =_xlfn.XLOOKUP(Table2[[#This Row],[Car Number]],'Design Schedule'!$C$2:$C$121,'Design Schedule'!$A$2:$A$121) -> 1:30PM
